-- phpMyAdmin SQL Dump
-- version 5.0.2
-- https://www.phpmyadmin.net/
--
-- Host: 127.0.0.1
-- Generation Time: Feb 13, 2022 at 02:30 PM
-- Server version: 10.4.11-MariaDB
-- PHP Version: 7.4.6

SET SQL_MODE = "NO_AUTO_VALUE_ON_ZERO";
START TRANSACTION;
SET time_zone = "+00:00";


/*!40101 SET @OLD_CHARACTER_SET_CLIENT=@@CHARACTER_SET_CLIENT */;
/*!40101 SET @OLD_CHARACTER_SET_RESULTS=@@CHARACTER_SET_RESULTS */;
/*!40101 SET @OLD_COLLATION_CONNECTION=@@COLLATION_CONNECTION */;
/*!40101 SET NAMES utf8mb4 */;

--
-- Database: `sky_park`
--

-- --------------------------------------------------------

--
-- Table structure for table `capacity_days`
--

CREATE TABLE `capacity_days` (
  `id` bigint(20) UNSIGNED NOT NULL,
  `count` bigint(20) DEFAULT 1250,
  `status` varchar(5) COLLATE utf8mb4_unicode_ci DEFAULT '1',
  `day` date NOT NULL,
  `created_at` timestamp NULL DEFAULT NULL,
  `updated_at` timestamp NULL DEFAULT NULL
) ENGINE=InnoDB DEFAULT CHARSET=utf8mb4 COLLATE=utf8mb4_unicode_ci;

--
-- Dumping data for table `capacity_days`
--

INSERT INTO `capacity_days` (`id`, `count`, `status`, `day`, `created_at`, `updated_at`) VALUES
(1, 1250, '1', '2022-03-01', '2022-02-12 09:28:04', '2022-02-12 09:28:04'),
(2, 1250, '1', '2022-03-02', '2022-02-12 09:28:04', '2022-02-12 09:28:04'),
(3, 1250, '1', '2022-03-03', '2022-02-12 09:28:04', '2022-02-12 09:28:04'),
(4, 1250, '1', '2022-03-04', '2022-02-12 09:28:04', '2022-02-12 09:28:04'),
(5, 1250, '1', '2022-03-05', '2022-02-12 09:28:04', '2022-02-12 09:28:04'),
(6, 1250, '1', '2022-03-06', '2022-02-12 09:28:04', '2022-02-12 09:28:04'),
(7, 1250, '1', '2022-03-07', '2022-02-12 09:28:04', '2022-02-12 09:28:04'),
(8, 1250, '1', '2022-03-08', '2022-02-12 09:28:04', '2022-02-12 09:28:04'),
(9, 1250, '1', '2022-03-09', '2022-02-12 09:28:04', '2022-02-12 09:28:04'),
(10, 1250, '1', '2022-03-10', '2022-02-12 09:28:04', '2022-02-12 09:28:04'),
(11, 1250, '1', '2022-03-11', '2022-02-12 09:28:04', '2022-02-12 09:28:04'),
(12, 1250, '1', '2022-03-12', '2022-02-12 09:28:04', '2022-02-12 09:28:04'),
(13, 1250, '1', '2022-03-13', '2022-02-12 09:28:04', '2022-02-12 09:28:04'),
(14, 1250, '1', '2022-03-14', '2022-02-12 09:28:04', '2022-02-12 09:28:04'),
(15, 1250, '1', '2022-03-15', '2022-02-12 09:28:04', '2022-02-12 09:28:04'),
(16, 1250, '1', '2022-03-16', '2022-02-12 09:28:04', '2022-02-12 09:28:04'),
(17, 1250, '1', '2022-03-17', '2022-02-12 09:28:04', '2022-02-12 09:28:04'),
(18, 1250, '1', '2022-03-18', '2022-02-12 09:28:04', '2022-02-12 09:28:04'),
(19, 1250, '1', '2022-03-19', '2022-02-12 09:28:04', '2022-02-12 09:28:04'),
(20, 1250, '1', '2022-03-20', '2022-02-12 09:28:04', '2022-02-12 09:28:04'),
(21, 1250, '1', '2022-03-21', '2022-02-12 09:28:04', '2022-02-12 09:28:04'),
(22, 1250, '1', '2022-03-22', '2022-02-12 09:28:04', '2022-02-12 09:28:04'),
(23, 1250, '1', '2022-03-23', '2022-02-12 09:28:04', '2022-02-12 09:28:04'),
(24, 1250, '1', '2022-03-24', '2022-02-12 09:28:04', '2022-02-12 09:28:04'),
(25, 1250, '1', '2022-03-25', '2022-02-12 09:28:04', '2022-02-12 09:28:04'),
(26, 1250, '1', '2022-03-26', '2022-02-12 09:28:04', '2022-02-12 09:28:04'),
(27, 1250, '1', '2022-03-27', '2022-02-12 09:28:04', '2022-02-12 09:28:04'),
(28, 1250, '1', '2022-03-28', '2022-02-12 09:28:04', '2022-02-12 09:28:04'),
(29, 1250, '1', '2022-03-29', '2022-02-12 09:28:04', '2022-02-12 09:28:04'),
(30, 1250, '1', '2022-03-30', '2022-02-12 09:28:04', '2022-02-12 09:28:04'),
(31, 1250, '1', '2022-03-31', '2022-02-12 09:28:04', '2022-02-12 09:28:04'),
(32, 1250, '1', '2022-04-01', '2022-02-12 09:28:04', '2022-02-12 09:28:04'),
(33, 1250, '1', '2022-04-02', '2022-02-12 09:28:04', '2022-02-12 09:28:04'),
(34, 1250, '1', '2022-04-03', '2022-02-12 09:28:04', '2022-02-12 09:28:04'),
(35, 1250, '1', '2022-04-04', '2022-02-12 09:28:04', '2022-02-12 09:28:04'),
(36, 1250, '1', '2022-04-05', '2022-02-12 09:28:04', '2022-02-12 09:28:04'),
(37, 1250, '1', '2022-04-06', '2022-02-12 09:28:04', '2022-02-12 09:28:04'),
(38, 1250, '1', '2022-04-07', '2022-02-12 09:28:04', '2022-02-12 09:28:04'),
(39, 1250, '1', '2022-04-08', '2022-02-12 09:28:04', '2022-02-12 09:28:04'),
(40, 1250, '1', '2022-04-09', '2022-02-12 09:28:04', '2022-02-12 09:28:04'),
(41, 1250, '1', '2022-04-10', '2022-02-12 09:28:04', '2022-02-12 09:28:04'),
(42, 1250, '1', '2022-04-11', '2022-02-12 09:28:04', '2022-02-12 09:28:04'),
(43, 1250, '1', '2022-04-12', '2022-02-12 09:28:04', '2022-02-12 09:28:04'),
(44, 1250, '1', '2022-04-13', '2022-02-12 09:28:04', '2022-02-12 09:28:04'),
(45, 1250, '1', '2022-04-14', '2022-02-12 09:28:04', '2022-02-12 09:28:04'),
(46, 1250, '1', '2022-04-15', '2022-02-12 09:28:04', '2022-02-12 09:28:04'),
(47, 1250, '1', '2022-04-16', '2022-02-12 09:28:04', '2022-02-12 09:28:04'),
(48, 1250, '1', '2022-04-17', '2022-02-12 09:28:04', '2022-02-12 09:28:04'),
(49, 1250, '1', '2022-04-18', '2022-02-12 09:28:04', '2022-02-12 09:28:04'),
(50, 1250, '1', '2022-04-19', '2022-02-12 09:28:04', '2022-02-12 09:28:04'),
(51, 1250, '1', '2022-04-20', '2022-02-12 09:28:04', '2022-02-12 09:28:04'),
(52, 1250, '1', '2022-04-21', '2022-02-12 09:28:04', '2022-02-12 09:28:04'),
(53, 1250, '1', '2022-04-22', '2022-02-12 09:28:04', '2022-02-12 09:28:04'),
(54, 1250, '1', '2022-04-23', '2022-02-12 09:28:04', '2022-02-12 09:28:04'),
(55, 1250, '1', '2022-04-24', '2022-02-12 09:28:04', '2022-02-12 09:28:04'),
(56, 1250, '1', '2022-04-25', '2022-02-12 09:28:04', '2022-02-12 09:28:04'),
(57, 1250, '1', '2022-04-26', '2022-02-12 09:28:04', '2022-02-12 09:28:04'),
(58, 1250, '1', '2022-04-27', '2022-02-12 09:28:04', '2022-02-12 09:28:04'),
(59, 1250, '1', '2022-04-28', '2022-02-12 09:28:04', '2022-02-12 09:28:04'),
(60, 1250, '1', '2022-04-29', '2022-02-12 09:28:04', '2022-02-12 09:28:04'),
(61, 1250, '1', '2022-04-30', '2022-02-12 09:28:04', '2022-02-12 09:28:04'),
(62, 1250, '1', '2022-05-01', '2022-02-12 09:28:04', '2022-02-12 09:28:04'),
(63, 1250, '1', '2022-05-02', '2022-02-12 09:28:04', '2022-02-12 09:28:04'),
(64, 1250, '1', '2022-05-03', '2022-02-12 09:28:04', '2022-02-12 09:28:04'),
(65, 1250, '1', '2022-05-04', '2022-02-12 09:28:04', '2022-02-12 09:28:04'),
(66, 1250, '1', '2022-05-05', '2022-02-12 09:28:04', '2022-02-12 09:28:04'),
(67, 1250, '1', '2022-05-06', '2022-02-12 09:28:04', '2022-02-12 09:28:04'),
(68, 1250, '1', '2022-05-07', '2022-02-12 09:28:04', '2022-02-12 09:28:04'),
(69, 1250, '1', '2022-05-08', '2022-02-12 09:28:04', '2022-02-12 09:28:04'),
(70, 1250, '1', '2022-05-09', '2022-02-12 09:28:04', '2022-02-12 09:28:04'),
(71, 1250, '1', '2022-05-10', '2022-02-12 09:28:04', '2022-02-12 09:28:04'),
(72, 1250, '1', '2022-05-11', '2022-02-12 09:28:04', '2022-02-12 09:28:04'),
(73, 1250, '1', '2022-05-12', '2022-02-12 09:28:04', '2022-02-12 09:28:04'),
(74, 1250, '1', '2022-05-13', '2022-02-12 09:28:04', '2022-02-12 09:28:04'),
(75, 1250, '1', '2022-05-14', '2022-02-12 09:28:04', '2022-02-12 09:28:04'),
(76, 1250, '1', '2022-05-15', '2022-02-12 09:28:04', '2022-02-12 09:28:04'),
(77, 1250, '1', '2022-05-16', '2022-02-12 09:28:04', '2022-02-12 09:28:04'),
(78, 1250, '1', '2022-05-17', '2022-02-12 09:28:04', '2022-02-12 09:28:04'),
(79, 1250, '1', '2022-05-18', '2022-02-12 09:28:04', '2022-02-12 09:28:04'),
(80, 1250, '1', '2022-05-19', '2022-02-12 09:28:04', '2022-02-12 09:28:04'),
(81, 1250, '1', '2022-05-20', '2022-02-12 09:28:04', '2022-02-12 09:28:04'),
(82, 1250, '1', '2022-05-21', '2022-02-12 09:28:04', '2022-02-12 09:28:04'),
(83, 1250, '1', '2022-05-22', '2022-02-12 09:28:04', '2022-02-12 09:28:04'),
(84, 1250, '1', '2022-05-23', '2022-02-12 09:28:04', '2022-02-12 09:28:04'),
(85, 1250, '1', '2022-05-24', '2022-02-12 09:28:04', '2022-02-12 09:28:04'),
(86, 1250, '1', '2022-05-25', '2022-02-12 09:28:04', '2022-02-12 09:28:04'),
(87, 1250, '1', '2022-05-26', '2022-02-12 09:28:04', '2022-02-12 09:28:04'),
(88, 1250, '1', '2022-05-27', '2022-02-12 09:28:04', '2022-02-12 09:28:04'),
(89, 1250, '1', '2022-05-28', '2022-02-12 09:28:04', '2022-02-12 09:28:04'),
(90, 1250, '1', '2022-05-29', '2022-02-12 09:28:04', '2022-02-12 09:28:04'),
(91, 1250, '1', '2022-05-30', '2022-02-12 09:28:04', '2022-02-12 09:28:04'),
(92, 1250, '1', '2022-05-31', '2022-02-12 09:28:04', '2022-02-12 09:28:04'),
(93, 1250, '1', '2022-06-01', '2022-02-12 09:28:04', '2022-02-12 09:28:04'),
(94, 1250, '1', '2022-06-02', '2022-02-12 09:28:04', '2022-02-12 09:28:04'),
(95, 1250, '1', '2022-06-03', '2022-02-12 09:28:04', '2022-02-12 09:28:04'),
(96, 1250, '1', '2022-06-04', '2022-02-12 09:28:04', '2022-02-12 09:28:04'),
(97, 1250, '1', '2022-06-05', '2022-02-12 09:28:04', '2022-02-12 09:28:04'),
(98, 1250, '1', '2022-06-06', '2022-02-12 09:28:04', '2022-02-12 09:28:04'),
(99, 1250, '1', '2022-06-07', '2022-02-12 09:28:04', '2022-02-12 09:28:04'),
(100, 1250, '1', '2022-06-08', '2022-02-12 09:28:04', '2022-02-12 09:28:04'),
(101, 1250, '1', '2022-06-09', '2022-02-12 09:28:04', '2022-02-12 09:28:04'),
(102, 1250, '1', '2022-06-10', '2022-02-12 09:28:04', '2022-02-12 09:28:04'),
(103, 1250, '1', '2022-06-11', '2022-02-12 09:28:04', '2022-02-12 09:28:04'),
(104, 1250, '1', '2022-06-12', '2022-02-12 09:28:04', '2022-02-12 09:28:04'),
(105, 1250, '1', '2022-06-13', '2022-02-12 09:28:04', '2022-02-12 09:28:04'),
(106, 1250, '1', '2022-06-14', '2022-02-12 09:28:04', '2022-02-12 09:28:04'),
(107, 1250, '1', '2022-06-15', '2022-02-12 09:28:04', '2022-02-12 09:28:04'),
(108, 1250, '1', '2022-06-16', '2022-02-12 09:28:04', '2022-02-12 09:28:04'),
(109, 1250, '1', '2022-06-17', '2022-02-12 09:28:04', '2022-02-12 09:28:04'),
(110, 1250, '1', '2022-06-18', '2022-02-12 09:28:04', '2022-02-12 09:28:04'),
(111, 1250, '1', '2022-06-19', '2022-02-12 09:28:04', '2022-02-12 09:28:04'),
(112, 1250, '1', '2022-06-20', '2022-02-12 09:28:05', '2022-02-12 09:28:05'),
(113, 1250, '1', '2022-06-21', '2022-02-12 09:28:05', '2022-02-12 09:28:05'),
(114, 1250, '1', '2022-06-22', '2022-02-12 09:28:05', '2022-02-12 09:28:05'),
(115, 1250, '1', '2022-06-23', '2022-02-12 09:28:05', '2022-02-12 09:28:05'),
(116, 1250, '1', '2022-06-24', '2022-02-12 09:28:05', '2022-02-12 09:28:05'),
(117, 1250, '1', '2022-06-25', '2022-02-12 09:28:05', '2022-02-12 09:28:05'),
(118, 1250, '1', '2022-06-26', '2022-02-12 09:28:05', '2022-02-12 09:28:05'),
(119, 1250, '1', '2022-06-27', '2022-02-12 09:28:05', '2022-02-12 09:28:05'),
(120, 1250, '1', '2022-06-28', '2022-02-12 09:28:05', '2022-02-12 09:28:05'),
(121, 1250, '1', '2022-06-29', '2022-02-12 09:28:05', '2022-02-12 09:28:05'),
(122, 1250, '1', '2022-06-30', '2022-02-12 09:28:05', '2022-02-12 09:28:05'),
(123, 1250, '1', '2022-07-01', '2022-02-12 09:28:05', '2022-02-12 09:28:05'),
(124, 1250, '1', '2022-07-02', '2022-02-12 09:28:05', '2022-02-12 09:28:05'),
(125, 1250, '1', '2022-07-03', '2022-02-12 09:28:05', '2022-02-12 09:28:05'),
(126, 1250, '1', '2022-07-04', '2022-02-12 09:28:05', '2022-02-12 09:28:05'),
(127, 1250, '1', '2022-07-05', '2022-02-12 09:28:05', '2022-02-12 09:28:05'),
(128, 1250, '1', '2022-07-06', '2022-02-12 09:28:05', '2022-02-12 09:28:05'),
(129, 1250, '1', '2022-07-07', '2022-02-12 09:28:05', '2022-02-12 09:28:05'),
(130, 1250, '1', '2022-07-08', '2022-02-12 09:28:05', '2022-02-12 09:28:05'),
(131, 1250, '1', '2022-07-09', '2022-02-12 09:28:05', '2022-02-12 09:28:05'),
(132, 1250, '1', '2022-07-10', '2022-02-12 09:28:05', '2022-02-12 09:28:05'),
(133, 1250, '1', '2022-07-11', '2022-02-12 09:28:05', '2022-02-12 09:28:05'),
(134, 1250, '1', '2022-07-12', '2022-02-12 09:28:05', '2022-02-12 09:28:05'),
(135, 1250, '1', '2022-07-13', '2022-02-12 09:28:05', '2022-02-12 09:28:05'),
(136, 1250, '1', '2022-07-14', '2022-02-12 09:28:05', '2022-02-12 09:28:05'),
(137, 1250, '1', '2022-07-15', '2022-02-12 09:28:05', '2022-02-12 09:28:05'),
(138, 1250, '1', '2022-07-16', '2022-02-12 09:28:05', '2022-02-12 09:28:05'),
(139, 1250, '1', '2022-07-17', '2022-02-12 09:28:05', '2022-02-12 09:28:05'),
(140, 1250, '1', '2022-07-18', '2022-02-12 09:28:05', '2022-02-12 09:28:05'),
(141, 1250, '1', '2022-07-19', '2022-02-12 09:28:05', '2022-02-12 09:28:05'),
(142, 1250, '1', '2022-07-20', '2022-02-12 09:28:05', '2022-02-12 09:28:05'),
(143, 1250, '1', '2022-07-21', '2022-02-12 09:28:05', '2022-02-12 09:28:05'),
(144, 1250, '1', '2022-07-22', '2022-02-12 09:28:05', '2022-02-12 09:28:05'),
(145, 1250, '1', '2022-07-23', '2022-02-12 09:28:05', '2022-02-12 09:28:05'),
(146, 1250, '1', '2022-07-24', '2022-02-12 09:28:05', '2022-02-12 09:28:05'),
(147, 1250, '1', '2022-07-25', '2022-02-12 09:28:05', '2022-02-12 09:28:05'),
(148, 1250, '1', '2022-07-26', '2022-02-12 09:28:05', '2022-02-12 09:28:05'),
(149, 1250, '1', '2022-07-27', '2022-02-12 09:28:05', '2022-02-12 09:28:05'),
(150, 1250, '1', '2022-07-28', '2022-02-12 09:28:05', '2022-02-12 09:28:05'),
(151, 1250, '1', '2022-07-29', '2022-02-12 09:28:05', '2022-02-12 09:28:05'),
(152, 1250, '1', '2022-07-30', '2022-02-12 09:28:05', '2022-02-12 09:28:05'),
(153, 1250, '1', '2022-07-31', '2022-02-12 09:28:05', '2022-02-12 09:28:05'),
(154, 1250, '1', '2022-08-01', '2022-02-12 09:28:05', '2022-02-12 09:28:05'),
(155, 1250, '1', '2022-08-02', '2022-02-12 09:28:05', '2022-02-12 09:28:05'),
(156, 1250, '1', '2022-08-03', '2022-02-12 09:28:05', '2022-02-12 09:28:05'),
(157, 1250, '1', '2022-08-04', '2022-02-12 09:28:05', '2022-02-12 09:28:05'),
(158, 1250, '1', '2022-08-05', '2022-02-12 09:28:05', '2022-02-12 09:28:05'),
(159, 1250, '1', '2022-08-06', '2022-02-12 09:28:05', '2022-02-12 09:28:05'),
(160, 1250, '1', '2022-08-07', '2022-02-12 09:28:05', '2022-02-12 09:28:05'),
(161, 1250, '1', '2022-08-08', '2022-02-12 09:28:05', '2022-02-12 09:28:05'),
(162, 1250, '1', '2022-08-09', '2022-02-12 09:28:05', '2022-02-12 09:28:05'),
(163, 1250, '1', '2022-08-10', '2022-02-12 09:28:05', '2022-02-12 09:28:05'),
(164, 1250, '1', '2022-08-11', '2022-02-12 09:28:05', '2022-02-12 09:28:05'),
(165, 1250, '1', '2022-08-12', '2022-02-12 09:28:05', '2022-02-12 09:28:05'),
(166, 1250, '1', '2022-08-13', '2022-02-12 09:28:05', '2022-02-12 09:28:05'),
(167, 1250, '1', '2022-08-14', '2022-02-12 09:28:05', '2022-02-12 09:28:05'),
(168, 1250, '1', '2022-08-15', '2022-02-12 09:28:05', '2022-02-12 09:28:05'),
(169, 1250, '1', '2022-08-16', '2022-02-12 09:28:05', '2022-02-12 09:28:05'),
(170, 1250, '1', '2022-08-17', '2022-02-12 09:28:05', '2022-02-12 09:28:05'),
(171, 1250, '1', '2022-08-18', '2022-02-12 09:28:05', '2022-02-12 09:28:05'),
(172, 1250, '1', '2022-08-19', '2022-02-12 09:28:05', '2022-02-12 09:28:05'),
(173, 1250, '1', '2022-08-20', '2022-02-12 09:28:05', '2022-02-12 09:28:05'),
(174, 1250, '1', '2022-08-21', '2022-02-12 09:28:05', '2022-02-12 09:28:05'),
(175, 1250, '1', '2022-08-22', '2022-02-12 09:28:05', '2022-02-12 09:28:05'),
(176, 1250, '1', '2022-08-23', '2022-02-12 09:28:05', '2022-02-12 09:28:05'),
(177, 1250, '1', '2022-08-24', '2022-02-12 09:28:05', '2022-02-12 09:28:05'),
(178, 1250, '1', '2022-08-25', '2022-02-12 09:28:05', '2022-02-12 09:28:05'),
(179, 1250, '1', '2022-08-26', '2022-02-12 09:28:05', '2022-02-12 09:28:05'),
(180, 1250, '1', '2022-08-27', '2022-02-12 09:28:05', '2022-02-12 09:28:05'),
(181, 1250, '1', '2022-08-28', '2022-02-12 09:28:05', '2022-02-12 09:28:05'),
(182, 1250, '1', '2022-08-29', '2022-02-12 09:28:05', '2022-02-12 09:28:05'),
(183, 1250, '1', '2022-08-30', '2022-02-12 09:28:05', '2022-02-12 09:28:05'),
(184, 1250, '1', '2022-08-31', '2022-02-12 09:28:05', '2022-02-12 09:28:05'),
(185, 1250, '1', '2022-09-01', '2022-02-12 09:28:05', '2022-02-12 09:28:05'),
(186, 1250, '1', '2022-09-02', '2022-02-12 09:28:05', '2022-02-12 09:28:05'),
(187, 1250, '1', '2022-09-03', '2022-02-12 09:28:05', '2022-02-12 09:28:05'),
(188, 1250, '1', '2022-09-04', '2022-02-12 09:28:05', '2022-02-12 09:28:05'),
(189, 1250, '1', '2022-09-05', '2022-02-12 09:28:05', '2022-02-12 09:28:05'),
(190, 1250, '1', '2022-09-06', '2022-02-12 09:28:05', '2022-02-12 09:28:05'),
(191, 1250, '1', '2022-09-07', '2022-02-12 09:28:05', '2022-02-12 09:28:05'),
(192, 1250, '1', '2022-09-08', '2022-02-12 09:28:05', '2022-02-12 09:28:05'),
(193, 1250, '1', '2022-09-09', '2022-02-12 09:28:05', '2022-02-12 09:28:05'),
(194, 1250, '1', '2022-09-10', '2022-02-12 09:28:05', '2022-02-12 09:28:05'),
(195, 1250, '1', '2022-09-11', '2022-02-12 09:28:05', '2022-02-12 09:28:05'),
(196, 1250, '1', '2022-09-12', '2022-02-12 09:28:05', '2022-02-12 09:28:05'),
(197, 1250, '1', '2022-09-13', '2022-02-12 09:28:05', '2022-02-12 09:28:05'),
(198, 1250, '1', '2022-09-14', '2022-02-12 09:28:05', '2022-02-12 09:28:05'),
(199, 1250, '1', '2022-09-15', '2022-02-12 09:28:05', '2022-02-12 09:28:05'),
(200, 1250, '1', '2022-09-16', '2022-02-12 09:28:05', '2022-02-12 09:28:05'),
(201, 1250, '1', '2022-09-17', '2022-02-12 09:28:05', '2022-02-12 09:28:05'),
(202, 1250, '1', '2022-09-18', '2022-02-12 09:28:05', '2022-02-12 09:28:05'),
(203, 1250, '1', '2022-09-19', '2022-02-12 09:28:05', '2022-02-12 09:28:05'),
(204, 1250, '1', '2022-09-20', '2022-02-12 09:28:05', '2022-02-12 09:28:05'),
(205, 1250, '1', '2022-09-21', '2022-02-12 09:28:05', '2022-02-12 09:28:05'),
(206, 1250, '1', '2022-09-22', '2022-02-12 09:28:05', '2022-02-12 09:28:05'),
(207, 1250, '1', '2022-09-23', '2022-02-12 09:28:05', '2022-02-12 09:28:05'),
(208, 1250, '1', '2022-09-24', '2022-02-12 09:28:05', '2022-02-12 09:28:05'),
(209, 1250, '1', '2022-09-25', '2022-02-12 09:28:05', '2022-02-12 09:28:05'),
(210, 1250, '1', '2022-09-26', '2022-02-12 09:28:05', '2022-02-12 09:28:05'),
(211, 1250, '1', '2022-09-27', '2022-02-12 09:28:05', '2022-02-12 09:28:05'),
(212, 1250, '1', '2022-09-28', '2022-02-12 09:28:05', '2022-02-12 09:28:05'),
(213, 1250, '1', '2022-09-29', '2022-02-12 09:28:05', '2022-02-12 09:28:05'),
(214, 1250, '1', '2022-09-30', '2022-02-12 09:28:05', '2022-02-12 09:28:05'),
(215, 1250, '1', '2022-10-01', '2022-02-12 09:28:05', '2022-02-12 09:28:05'),
(216, 1250, '1', '2022-10-02', '2022-02-12 09:28:05', '2022-02-12 09:28:05'),
(217, 1250, '1', '2022-10-03', '2022-02-12 09:28:05', '2022-02-12 09:28:05'),
(218, 1250, '1', '2022-10-04', '2022-02-12 09:28:05', '2022-02-12 09:28:05'),
(219, 1250, '1', '2022-10-05', '2022-02-12 09:28:05', '2022-02-12 09:28:05'),
(220, 1250, '1', '2022-10-06', '2022-02-12 09:28:05', '2022-02-12 09:28:05'),
(221, 1250, '1', '2022-10-07', '2022-02-12 09:28:05', '2022-02-12 09:28:05'),
(222, 1250, '1', '2022-10-08', '2022-02-12 09:28:05', '2022-02-12 09:28:05'),
(223, 1250, '1', '2022-10-09', '2022-02-12 09:28:05', '2022-02-12 09:28:05'),
(224, 1250, '1', '2022-10-10', '2022-02-12 09:28:05', '2022-02-12 09:28:05'),
(225, 1250, '1', '2022-10-11', '2022-02-12 09:28:05', '2022-02-12 09:28:05'),
(226, 1250, '1', '2022-10-12', '2022-02-12 09:28:05', '2022-02-12 09:28:05'),
(227, 1250, '1', '2022-10-13', '2022-02-12 09:28:05', '2022-02-12 09:28:05'),
(228, 1250, '1', '2022-10-14', '2022-02-12 09:28:05', '2022-02-12 09:28:05'),
(229, 1250, '1', '2022-10-15', '2022-02-12 09:28:05', '2022-02-12 09:28:05'),
(230, 1250, '1', '2022-10-16', '2022-02-12 09:28:05', '2022-02-12 09:28:05'),
(231, 1250, '1', '2022-10-17', '2022-02-12 09:28:05', '2022-02-12 09:28:05'),
(232, 1250, '1', '2022-10-18', '2022-02-12 09:28:05', '2022-02-12 09:28:05'),
(233, 1250, '1', '2022-10-19', '2022-02-12 09:28:05', '2022-02-12 09:28:05'),
(234, 1250, '1', '2022-10-20', '2022-02-12 09:28:05', '2022-02-12 09:28:05'),
(235, 1250, '1', '2022-10-21', '2022-02-12 09:28:05', '2022-02-12 09:28:05'),
(236, 1250, '1', '2022-10-22', '2022-02-12 09:28:05', '2022-02-12 09:28:05'),
(237, 1250, '1', '2022-10-23', '2022-02-12 09:28:05', '2022-02-12 09:28:05'),
(238, 1250, '1', '2022-10-24', '2022-02-12 09:28:05', '2022-02-12 09:28:05'),
(239, 1250, '1', '2022-10-25', '2022-02-12 09:28:05', '2022-02-12 09:28:05'),
(240, 1250, '1', '2022-10-26', '2022-02-12 09:28:05', '2022-02-12 09:28:05'),
(241, 1250, '1', '2022-10-27', '2022-02-12 09:28:05', '2022-02-12 09:28:05'),
(242, 1250, '1', '2022-10-28', '2022-02-12 09:28:05', '2022-02-12 09:28:05'),
(243, 1250, '1', '2022-10-29', '2022-02-12 09:28:05', '2022-02-12 09:28:05'),
(244, 1250, '1', '2022-10-30', '2022-02-12 09:28:05', '2022-02-12 09:28:05'),
(245, 1250, '1', '2022-10-31', '2022-02-12 09:28:05', '2022-02-12 09:28:05'),
(246, 1250, '1', '2022-11-01', '2022-02-12 09:28:05', '2022-02-12 09:28:05'),
(247, 1250, '1', '2022-11-02', '2022-02-12 09:28:05', '2022-02-12 09:28:05'),
(248, 1250, '1', '2022-11-03', '2022-02-12 09:28:05', '2022-02-12 09:28:05'),
(249, 1250, '1', '2022-11-04', '2022-02-12 09:28:05', '2022-02-12 09:28:05'),
(250, 1250, '1', '2022-11-05', '2022-02-12 09:28:05', '2022-02-12 09:28:05'),
(251, 1250, '1', '2022-11-06', '2022-02-12 09:28:05', '2022-02-12 09:28:05'),
(252, 1250, '1', '2022-11-07', '2022-02-12 09:28:05', '2022-02-12 09:28:05'),
(253, 1250, '1', '2022-11-08', '2022-02-12 09:28:05', '2022-02-12 09:28:05'),
(254, 1250, '1', '2022-11-09', '2022-02-12 09:28:05', '2022-02-12 09:28:05'),
(255, 1250, '1', '2022-11-10', '2022-02-12 09:28:05', '2022-02-12 09:28:05'),
(256, 1250, '1', '2022-11-11', '2022-02-12 09:28:05', '2022-02-12 09:28:05'),
(257, 1250, '1', '2022-11-12', '2022-02-12 09:28:05', '2022-02-12 09:28:05'),
(258, 1250, '1', '2022-11-13', '2022-02-12 09:28:05', '2022-02-12 09:28:05'),
(259, 1250, '1', '2022-11-14', '2022-02-12 09:28:05', '2022-02-12 09:28:05'),
(260, 1250, '1', '2022-11-15', '2022-02-12 09:28:05', '2022-02-12 09:28:05'),
(261, 1250, '1', '2022-11-16', '2022-02-12 09:28:05', '2022-02-12 09:28:05'),
(262, 1250, '1', '2022-11-17', '2022-02-12 09:28:05', '2022-02-12 09:28:05'),
(263, 1250, '1', '2022-11-18', '2022-02-12 09:28:05', '2022-02-12 09:28:05'),
(264, 1250, '1', '2022-11-19', '2022-02-12 09:28:05', '2022-02-12 09:28:05'),
(265, 1250, '1', '2022-11-20', '2022-02-12 09:28:05', '2022-02-12 09:28:05'),
(266, 1250, '1', '2022-11-21', '2022-02-12 09:28:05', '2022-02-12 09:28:05'),
(267, 1250, '1', '2022-11-22', '2022-02-12 09:28:05', '2022-02-12 09:28:05'),
(268, 1250, '1', '2022-11-23', '2022-02-12 09:28:05', '2022-02-12 09:28:05'),
(269, 1250, '1', '2022-11-24', '2022-02-12 09:28:05', '2022-02-12 09:28:05'),
(270, 1250, '1', '2022-11-25', '2022-02-12 09:28:05', '2022-02-12 09:28:05'),
(271, 1250, '1', '2022-11-26', '2022-02-12 09:28:05', '2022-02-12 09:28:05'),
(272, 1250, '1', '2022-11-27', '2022-02-12 09:28:05', '2022-02-12 09:28:05'),
(273, 1250, '1', '2022-11-28', '2022-02-12 09:28:05', '2022-02-12 09:28:05'),
(274, 1250, '1', '2022-11-29', '2022-02-12 09:28:05', '2022-02-12 09:28:05'),
(275, 1250, '1', '2022-11-30', '2022-02-12 09:28:05', '2022-02-12 09:28:05'),
(276, 1250, '1', '2022-12-01', '2022-02-12 09:28:05', '2022-02-12 09:28:05'),
(277, 1250, '1', '2022-12-02', '2022-02-12 09:28:05', '2022-02-12 09:28:05'),
(278, 1250, '1', '2022-12-03', '2022-02-12 09:28:05', '2022-02-12 09:28:05'),
(279, 1250, '1', '2022-12-04', '2022-02-12 09:28:05', '2022-02-12 09:28:05'),
(280, 1250, '1', '2022-12-05', '2022-02-12 09:28:05', '2022-02-12 09:28:05'),
(281, 1250, '1', '2022-12-06', '2022-02-12 09:28:05', '2022-02-12 09:28:05'),
(282, 1250, '1', '2022-12-07', '2022-02-12 09:28:05', '2022-02-12 09:28:05'),
(283, 1250, '1', '2022-12-08', '2022-02-12 09:28:05', '2022-02-12 09:28:05'),
(284, 1250, '1', '2022-12-09', '2022-02-12 09:28:05', '2022-02-12 09:28:05'),
(285, 1250, '1', '2022-12-10', '2022-02-12 09:28:05', '2022-02-12 09:28:05'),
(286, 1250, '1', '2022-12-11', '2022-02-12 09:28:05', '2022-02-12 09:28:05'),
(287, 1250, '1', '2022-12-12', '2022-02-12 09:28:05', '2022-02-12 09:28:05'),
(288, 1250, '1', '2022-12-13', '2022-02-12 09:28:05', '2022-02-12 09:28:05'),
(289, 1250, '1', '2022-12-14', '2022-02-12 09:28:05', '2022-02-12 09:28:05'),
(290, 1250, '1', '2022-12-15', '2022-02-12 09:28:05', '2022-02-12 09:28:05'),
(291, 1250, '1', '2022-12-16', '2022-02-12 09:28:05', '2022-02-12 09:28:05'),
(292, 1250, '1', '2022-12-17', '2022-02-12 09:28:05', '2022-02-12 09:28:05'),
(293, 1250, '1', '2022-12-18', '2022-02-12 09:28:05', '2022-02-12 09:28:05'),
(294, 1250, '1', '2022-12-19', '2022-02-12 09:28:05', '2022-02-12 09:28:05'),
(295, 1250, '1', '2022-12-20', '2022-02-12 09:28:05', '2022-02-12 09:28:05'),
(296, 1250, '1', '2022-12-21', '2022-02-12 09:28:05', '2022-02-12 09:28:05'),
(297, 1250, '1', '2022-12-22', '2022-02-12 09:28:05', '2022-02-12 09:28:05'),
(298, 1250, '1', '2022-12-23', '2022-02-12 09:28:05', '2022-02-12 09:28:05'),
(299, 1250, '1', '2022-12-24', '2022-02-12 09:28:05', '2022-02-12 09:28:05'),
(300, 1250, '1', '2022-12-25', '2022-02-12 09:28:05', '2022-02-12 09:28:05'),
(301, 1250, '1', '2022-12-26', '2022-02-12 09:28:05', '2022-02-12 09:28:05'),
(302, 1250, '1', '2022-12-27', '2022-02-12 09:28:05', '2022-02-12 09:28:05'),
(303, 1250, '1', '2022-12-28', '2022-02-12 09:28:05', '2022-02-12 09:28:05'),
(304, 1250, '1', '2022-12-29', '2022-02-12 09:28:05', '2022-02-12 09:28:05'),
(305, 1250, '1', '2022-12-30', '2022-02-12 09:28:05', '2022-02-12 09:28:05'),
(306, 1250, '1', '2022-12-31', '2022-02-12 09:28:05', '2022-02-12 09:28:05'),
(307, 1250, '1', '2022-02-01', '2022-02-12 09:28:24', '2022-02-12 09:28:24'),
(308, 1250, '1', '2022-02-02', '2022-02-12 09:28:24', '2022-02-12 09:28:24'),
(309, 1250, '1', '2022-02-03', '2022-02-12 09:28:24', '2022-02-12 09:28:24'),
(310, 1250, '1', '2022-02-04', '2022-02-12 09:28:24', '2022-02-12 09:28:24'),
(311, 1250, '1', '2022-02-05', '2022-02-12 09:28:24', '2022-02-12 09:28:24'),
(312, 1250, '1', '2022-02-06', '2022-02-12 09:28:24', '2022-02-12 09:28:24'),
(313, 1250, '1', '2022-02-07', '2022-02-12 09:28:24', '2022-02-12 09:28:24'),
(314, 1250, '1', '2022-02-08', '2022-02-12 09:28:24', '2022-02-12 09:28:24'),
(315, 1250, '1', '2022-02-09', '2022-02-12 09:28:24', '2022-02-12 09:28:24'),
(316, 1250, '1', '2022-02-10', '2022-02-12 09:28:24', '2022-02-12 09:28:24'),
(317, 1250, '1', '2022-02-11', '2022-02-12 09:28:24', '2022-02-12 09:28:24'),
(318, 1250, '1', '2022-02-12', '2022-02-12 09:28:24', '2022-02-12 09:28:24'),
(319, 1250, '1', '2022-02-13', '2022-02-12 09:28:24', '2022-02-12 09:28:24'),
(320, 1250, '1', '2022-02-14', '2022-02-12 09:28:24', '2022-02-12 09:28:24'),
(321, 1250, '1', '2022-02-15', '2022-02-12 09:28:24', '2022-02-12 09:28:24'),
(322, 1250, '1', '2022-02-16', '2022-02-12 09:28:24', '2022-02-12 09:28:24'),
(323, 1250, '1', '2022-02-17', '2022-02-12 09:28:24', '2022-02-12 09:28:24'),
(324, 1250, '1', '2022-02-18', '2022-02-12 09:28:24', '2022-02-12 09:28:24'),
(325, 1250, '1', '2022-02-19', '2022-02-12 09:28:24', '2022-02-12 09:28:24'),
(326, 1250, '1', '2022-02-20', '2022-02-12 09:28:24', '2022-02-12 09:28:24'),
(327, 1250, '1', '2022-02-21', '2022-02-12 09:28:24', '2022-02-12 09:28:24'),
(328, 1250, '1', '2022-02-22', '2022-02-12 09:28:24', '2022-02-12 09:28:24'),
(329, 1250, '1', '2022-02-23', '2022-02-12 09:28:24', '2022-02-12 09:28:24'),
(330, 1250, '1', '2022-02-24', '2022-02-12 09:28:24', '2022-02-12 09:28:24'),
(331, 1250, '1', '2022-02-25', '2022-02-12 09:28:24', '2022-02-12 09:28:24'),
(332, 1250, '1', '2022-02-26', '2022-02-12 09:28:24', '2022-02-12 09:28:24'),
(333, 1250, '1', '2022-02-27', '2022-02-12 09:28:24', '2022-02-12 09:28:24'),
(334, 1250, '1', '2022-02-28', '2022-02-12 09:28:24', '2022-02-12 09:28:24'),
(335, 1250, '1', '2022-01-01', '2022-02-12 09:28:36', '2022-02-12 09:28:36'),
(336, 1250, '1', '2022-01-02', '2022-02-12 09:28:36', '2022-02-12 09:28:36'),
(337, 1250, '1', '2022-01-03', '2022-02-12 09:28:36', '2022-02-12 09:28:36'),
(338, 1250, '1', '2022-01-04', '2022-02-12 09:28:36', '2022-02-12 09:28:36'),
(339, 1250, '1', '2022-01-05', '2022-02-12 09:28:36', '2022-02-12 09:28:36'),
(340, 1250, '1', '2022-01-06', '2022-02-12 09:28:36', '2022-02-12 09:28:36'),
(341, 1250, '1', '2022-01-07', '2022-02-12 09:28:36', '2022-02-12 09:28:36'),
(342, 1250, '1', '2022-01-08', '2022-02-12 09:28:36', '2022-02-12 09:28:36'),
(343, 1250, '1', '2022-01-09', '2022-02-12 09:28:36', '2022-02-12 09:28:36'),
(344, 1250, '1', '2022-01-10', '2022-02-12 09:28:36', '2022-02-12 09:28:36'),
(345, 1250, '1', '2022-01-11', '2022-02-12 09:28:36', '2022-02-12 09:28:36'),
(346, 1250, '1', '2022-01-12', '2022-02-12 09:28:36', '2022-02-12 09:28:36'),
(347, 1250, '1', '2022-01-13', '2022-02-12 09:28:36', '2022-02-12 09:28:36'),
(348, 1250, '1', '2022-01-14', '2022-02-12 09:28:36', '2022-02-12 09:28:36'),
(349, 1250, '1', '2022-01-15', '2022-02-12 09:28:36', '2022-02-12 09:28:36'),
(350, 1250, '1', '2022-01-16', '2022-02-12 09:28:36', '2022-02-12 09:28:36'),
(351, 1250, '1', '2022-01-17', '2022-02-12 09:28:36', '2022-02-12 09:28:36'),
(352, 1250, '1', '2022-01-18', '2022-02-12 09:28:36', '2022-02-12 09:28:36'),
(353, 1250, '1', '2022-01-19', '2022-02-12 09:28:36', '2022-02-12 09:28:36'),
(354, 1250, '1', '2022-01-20', '2022-02-12 09:28:36', '2022-02-12 09:28:36'),
(355, 1250, '1', '2022-01-21', '2022-02-12 09:28:36', '2022-02-12 09:28:36'),
(356, 1250, '1', '2022-01-22', '2022-02-12 09:28:36', '2022-02-12 09:28:36'),
(357, 1250, '1', '2022-01-23', '2022-02-12 09:28:36', '2022-02-12 09:28:36'),
(358, 1250, '1', '2022-01-24', '2022-02-12 09:28:36', '2022-02-12 09:28:36'),
(359, 1250, '1', '2022-01-25', '2022-02-12 09:28:36', '2022-02-12 09:28:36'),
(360, 1250, '1', '2022-01-26', '2022-02-12 09:28:36', '2022-02-12 09:28:36'),
(361, 1250, '1', '2022-01-27', '2022-02-12 09:28:36', '2022-02-12 09:28:36'),
(362, 1250, '1', '2022-01-28', '2022-02-12 09:28:36', '2022-02-12 09:28:36'),
(363, 1250, '1', '2022-01-29', '2022-02-12 09:28:36', '2022-02-12 09:28:36'),
(364, 1250, '1', '2022-01-30', '2022-02-12 09:28:36', '2022-02-12 09:28:36'),
(365, 1250, '1', '2022-01-31', '2022-02-12 09:28:36', '2022-02-12 09:28:36'),
(366, 1250, '1', '2023-01-01', '2022-02-12 09:41:37', '2022-02-12 09:41:37'),
(367, 1250, '1', '2023-01-02', '2022-02-12 09:41:37', '2022-02-12 09:41:37'),
(368, 1250, '1', '2023-01-03', '2022-02-12 09:41:37', '2022-02-12 09:41:37'),
(369, 1250, '1', '2023-01-04', '2022-02-12 09:41:37', '2022-02-12 09:41:37'),
(370, 1250, '1', '2023-01-05', '2022-02-12 09:41:37', '2022-02-12 09:41:37'),
(371, 1250, '1', '2023-01-06', '2022-02-12 09:41:37', '2022-02-12 09:41:37'),
(372, 1250, '1', '2023-01-07', '2022-02-12 09:41:37', '2022-02-12 09:41:37'),
(373, 1250, '1', '2023-01-08', '2022-02-12 09:41:37', '2022-02-12 09:41:37'),
(374, 1250, '1', '2023-01-09', '2022-02-12 09:41:37', '2022-02-12 09:41:37'),
(375, 1250, '1', '2023-01-10', '2022-02-12 09:41:37', '2022-02-12 09:41:37'),
(376, 1250, '1', '2023-01-11', '2022-02-12 09:41:37', '2022-02-12 09:41:37'),
(377, 1250, '1', '2023-01-12', '2022-02-12 09:41:37', '2022-02-12 09:41:37'),
(378, 1250, '1', '2023-01-13', '2022-02-12 09:41:37', '2022-02-12 09:41:37'),
(379, 1250, '1', '2023-01-14', '2022-02-12 09:41:37', '2022-02-12 09:41:37'),
(380, 1250, '1', '2023-01-15', '2022-02-12 09:41:37', '2022-02-12 09:41:37'),
(381, 1250, '1', '2023-01-16', '2022-02-12 09:41:37', '2022-02-12 09:41:37'),
(382, 1250, '1', '2023-01-17', '2022-02-12 09:41:37', '2022-02-12 09:41:37'),
(383, 1250, '1', '2023-01-18', '2022-02-12 09:41:37', '2022-02-12 09:41:37'),
(384, 1250, '1', '2023-01-19', '2022-02-12 09:41:37', '2022-02-12 09:41:37'),
(385, 1250, '1', '2023-01-20', '2022-02-12 09:41:37', '2022-02-12 09:41:37'),
(386, 1250, '1', '2023-01-21', '2022-02-12 09:41:37', '2022-02-12 09:41:37'),
(387, 1250, '1', '2023-01-22', '2022-02-12 09:41:37', '2022-02-12 09:41:37'),
(388, 1250, '1', '2023-01-23', '2022-02-12 09:41:37', '2022-02-12 09:41:37'),
(389, 1250, '1', '2023-01-24', '2022-02-12 09:41:37', '2022-02-12 09:41:37'),
(390, 1250, '1', '2023-01-25', '2022-02-12 09:41:37', '2022-02-12 09:41:37'),
(391, 1250, '1', '2023-01-26', '2022-02-12 09:41:37', '2022-02-12 09:41:37'),
(392, 1250, '1', '2023-01-27', '2022-02-12 09:41:37', '2022-02-12 09:41:37'),
(393, 1250, '1', '2023-01-28', '2022-02-12 09:41:37', '2022-02-12 09:41:37'),
(394, 1250, '1', '2023-01-29', '2022-02-12 09:41:37', '2022-02-12 09:41:37'),
(395, 1250, '1', '2023-01-30', '2022-02-12 09:41:37', '2022-02-12 09:41:37'),
(396, 1250, '1', '2023-01-31', '2022-02-12 09:41:37', '2022-02-12 09:41:37'),
(397, 1250, '1', '2023-02-01', '2022-02-12 09:41:37', '2022-02-12 09:41:37'),
(398, 1250, '1', '2023-02-02', '2022-02-12 09:41:37', '2022-02-12 09:41:37'),
(399, 1250, '1', '2023-02-03', '2022-02-12 09:41:37', '2022-02-12 09:41:37'),
(400, 1250, '1', '2023-02-04', '2022-02-12 09:41:37', '2022-02-12 09:41:37'),
(401, 1250, '1', '2023-02-05', '2022-02-12 09:41:37', '2022-02-12 09:41:37'),
(402, 1250, '1', '2023-02-06', '2022-02-12 09:41:37', '2022-02-12 09:41:37'),
(403, 1250, '1', '2023-02-07', '2022-02-12 09:41:37', '2022-02-12 09:41:37'),
(404, 1250, '1', '2023-02-08', '2022-02-12 09:41:37', '2022-02-12 09:41:37'),
(405, 1250, '1', '2023-02-09', '2022-02-12 09:41:37', '2022-02-12 09:41:37'),
(406, 1250, '1', '2023-02-10', '2022-02-12 09:41:37', '2022-02-12 09:41:37'),
(407, 1250, '1', '2023-02-11', '2022-02-12 09:41:37', '2022-02-12 09:41:37'),
(408, 1250, '1', '2023-02-12', '2022-02-12 09:41:37', '2022-02-12 09:41:37'),
(409, 1250, '1', '2023-02-13', '2022-02-12 09:41:37', '2022-02-12 09:41:37'),
(410, 1250, '1', '2023-02-14', '2022-02-12 09:41:37', '2022-02-12 09:41:37'),
(411, 1250, '1', '2023-02-15', '2022-02-12 09:41:37', '2022-02-12 09:41:37'),
(412, 1250, '1', '2023-02-16', '2022-02-12 09:41:37', '2022-02-12 09:41:37'),
(413, 1250, '1', '2023-02-17', '2022-02-12 09:41:37', '2022-02-12 09:41:37'),
(414, 1250, '1', '2023-02-18', '2022-02-12 09:41:37', '2022-02-12 09:41:37'),
(415, 1250, '1', '2023-02-19', '2022-02-12 09:41:37', '2022-02-12 09:41:37'),
(416, 1250, '1', '2023-02-20', '2022-02-12 09:41:37', '2022-02-12 09:41:37'),
(417, 1250, '1', '2023-02-21', '2022-02-12 09:41:37', '2022-02-12 09:41:37'),
(418, 1250, '1', '2023-02-22', '2022-02-12 09:41:37', '2022-02-12 09:41:37'),
(419, 1250, '1', '2023-02-23', '2022-02-12 09:41:37', '2022-02-12 09:41:37'),
(420, 1250, '1', '2023-02-24', '2022-02-12 09:41:37', '2022-02-12 09:41:37'),
(421, 1250, '1', '2023-02-25', '2022-02-12 09:41:37', '2022-02-12 09:41:37'),
(422, 1250, '1', '2023-02-26', '2022-02-12 09:41:37', '2022-02-12 09:41:37'),
(423, 1250, '1', '2023-02-27', '2022-02-12 09:41:37', '2022-02-12 09:41:37'),
(424, 1250, '1', '2023-02-28', '2022-02-12 09:41:37', '2022-02-12 09:41:37'),
(425, 1250, '1', '2023-03-01', '2022-02-12 09:41:37', '2022-02-12 09:41:37'),
(426, 1250, '1', '2023-03-02', '2022-02-12 09:41:37', '2022-02-12 09:41:37'),
(427, 1250, '1', '2023-03-03', '2022-02-12 09:41:37', '2022-02-12 09:41:37'),
(428, 1250, '1', '2023-03-04', '2022-02-12 09:41:37', '2022-02-12 09:41:37'),
(429, 1250, '1', '2023-03-05', '2022-02-12 09:41:37', '2022-02-12 09:41:37'),
(430, 1250, '1', '2023-03-06', '2022-02-12 09:41:37', '2022-02-12 09:41:37'),
(431, 1250, '1', '2023-03-07', '2022-02-12 09:41:37', '2022-02-12 09:41:37'),
(432, 1250, '1', '2023-03-08', '2022-02-12 09:41:37', '2022-02-12 09:41:37'),
(433, 1250, '1', '2023-03-09', '2022-02-12 09:41:37', '2022-02-12 09:41:37'),
(434, 1250, '1', '2023-03-10', '2022-02-12 09:41:37', '2022-02-12 09:41:37'),
(435, 1250, '1', '2023-03-11', '2022-02-12 09:41:37', '2022-02-12 09:41:37'),
(436, 1250, '1', '2023-03-12', '2022-02-12 09:41:37', '2022-02-12 09:41:37'),
(437, 1250, '1', '2023-03-13', '2022-02-12 09:41:37', '2022-02-12 09:41:37'),
(438, 1250, '1', '2023-03-14', '2022-02-12 09:41:37', '2022-02-12 09:41:37'),
(439, 1250, '1', '2023-03-15', '2022-02-12 09:41:37', '2022-02-12 09:41:37'),
(440, 1250, '1', '2023-03-16', '2022-02-12 09:41:37', '2022-02-12 09:41:37'),
(441, 1250, '1', '2023-03-17', '2022-02-12 09:41:37', '2022-02-12 09:41:37'),
(442, 1250, '1', '2023-03-18', '2022-02-12 09:41:37', '2022-02-12 09:41:37'),
(443, 1250, '1', '2023-03-19', '2022-02-12 09:41:37', '2022-02-12 09:41:37'),
(444, 1250, '1', '2023-03-20', '2022-02-12 09:41:37', '2022-02-12 09:41:37'),
(445, 1250, '1', '2023-03-21', '2022-02-12 09:41:37', '2022-02-12 09:41:37'),
(446, 1250, '1', '2023-03-22', '2022-02-12 09:41:37', '2022-02-12 09:41:37'),
(447, 1250, '1', '2023-03-23', '2022-02-12 09:41:37', '2022-02-12 09:41:37'),
(448, 1250, '1', '2023-03-24', '2022-02-12 09:41:37', '2022-02-12 09:41:37'),
(449, 1250, '1', '2023-03-25', '2022-02-12 09:41:37', '2022-02-12 09:41:37'),
(450, 1250, '1', '2023-03-26', '2022-02-12 09:41:37', '2022-02-12 09:41:37'),
(451, 1250, '1', '2023-03-27', '2022-02-12 09:41:37', '2022-02-12 09:41:37'),
(452, 1250, '1', '2023-03-28', '2022-02-12 09:41:37', '2022-02-12 09:41:37'),
(453, 1250, '1', '2023-03-29', '2022-02-12 09:41:37', '2022-02-12 09:41:37'),
(454, 1250, '1', '2023-03-30', '2022-02-12 09:41:37', '2022-02-12 09:41:37'),
(455, 1250, '1', '2023-03-31', '2022-02-12 09:41:37', '2022-02-12 09:41:37'),
(456, 1250, '1', '2023-04-01', '2022-02-12 09:41:37', '2022-02-12 09:41:37'),
(457, 1250, '1', '2023-04-02', '2022-02-12 09:41:37', '2022-02-12 09:41:37'),
(458, 1250, '1', '2023-04-03', '2022-02-12 09:41:37', '2022-02-12 09:41:37'),
(459, 1250, '1', '2023-04-04', '2022-02-12 09:41:37', '2022-02-12 09:41:37'),
(460, 1250, '1', '2023-04-05', '2022-02-12 09:41:37', '2022-02-12 09:41:37'),
(461, 1250, '1', '2023-04-06', '2022-02-12 09:41:37', '2022-02-12 09:41:37'),
(462, 1250, '1', '2023-04-07', '2022-02-12 09:41:37', '2022-02-12 09:41:37'),
(463, 1250, '1', '2023-04-08', '2022-02-12 09:41:37', '2022-02-12 09:41:37'),
(464, 1250, '1', '2023-04-09', '2022-02-12 09:41:37', '2022-02-12 09:41:37'),
(465, 1250, '1', '2023-04-10', '2022-02-12 09:41:37', '2022-02-12 09:41:37'),
(466, 1250, '1', '2023-04-11', '2022-02-12 09:41:37', '2022-02-12 09:41:37'),
(467, 1250, '1', '2023-04-12', '2022-02-12 09:41:37', '2022-02-12 09:41:37'),
(468, 1250, '1', '2023-04-13', '2022-02-12 09:41:37', '2022-02-12 09:41:37'),
(469, 1250, '1', '2023-04-14', '2022-02-12 09:41:37', '2022-02-12 09:41:37'),
(470, 1250, '1', '2023-04-15', '2022-02-12 09:41:37', '2022-02-12 09:41:37'),
(471, 1250, '1', '2023-04-16', '2022-02-12 09:41:37', '2022-02-12 09:41:37'),
(472, 1250, '1', '2023-04-17', '2022-02-12 09:41:37', '2022-02-12 09:41:37'),
(473, 1250, '1', '2023-04-18', '2022-02-12 09:41:37', '2022-02-12 09:41:37'),
(474, 1250, '1', '2023-04-19', '2022-02-12 09:41:37', '2022-02-12 09:41:37'),
(475, 1250, '1', '2023-04-20', '2022-02-12 09:41:37', '2022-02-12 09:41:37'),
(476, 1250, '1', '2023-04-21', '2022-02-12 09:41:37', '2022-02-12 09:41:37'),
(477, 1250, '1', '2023-04-22', '2022-02-12 09:41:37', '2022-02-12 09:41:37'),
(478, 1250, '1', '2023-04-23', '2022-02-12 09:41:37', '2022-02-12 09:41:37'),
(479, 1250, '1', '2023-04-24', '2022-02-12 09:41:37', '2022-02-12 09:41:37'),
(480, 1250, '1', '2023-04-25', '2022-02-12 09:41:37', '2022-02-12 09:41:37'),
(481, 1250, '1', '2023-04-26', '2022-02-12 09:41:37', '2022-02-12 09:41:37'),
(482, 1250, '1', '2023-04-27', '2022-02-12 09:41:37', '2022-02-12 09:41:37'),
(483, 1250, '1', '2023-04-28', '2022-02-12 09:41:37', '2022-02-12 09:41:37'),
(484, 1250, '1', '2023-04-29', '2022-02-12 09:41:37', '2022-02-12 09:41:37'),
(485, 1250, '1', '2023-04-30', '2022-02-12 09:41:37', '2022-02-12 09:41:37'),
(486, 1250, '1', '2023-05-01', '2022-02-12 09:41:37', '2022-02-12 09:41:37'),
(487, 1250, '1', '2023-05-02', '2022-02-12 09:41:37', '2022-02-12 09:41:37'),
(488, 1250, '1', '2023-05-03', '2022-02-12 09:41:37', '2022-02-12 09:41:37'),
(489, 1250, '1', '2023-05-04', '2022-02-12 09:41:37', '2022-02-12 09:41:37'),
(490, 1250, '1', '2023-05-05', '2022-02-12 09:41:37', '2022-02-12 09:41:37'),
(491, 1250, '1', '2023-05-06', '2022-02-12 09:41:37', '2022-02-12 09:41:37'),
(492, 1250, '1', '2023-05-07', '2022-02-12 09:41:37', '2022-02-12 09:41:37'),
(493, 1250, '1', '2023-05-08', '2022-02-12 09:41:37', '2022-02-12 09:41:37'),
(494, 1250, '1', '2023-05-09', '2022-02-12 09:41:37', '2022-02-12 09:41:37'),
(495, 1250, '1', '2023-05-10', '2022-02-12 09:41:37', '2022-02-12 09:41:37'),
(496, 1250, '1', '2023-05-11', '2022-02-12 09:41:37', '2022-02-12 09:41:37'),
(497, 1250, '1', '2023-05-12', '2022-02-12 09:41:37', '2022-02-12 09:41:37'),
(498, 1250, '1', '2023-05-13', '2022-02-12 09:41:37', '2022-02-12 09:41:37'),
(499, 1250, '1', '2023-05-14', '2022-02-12 09:41:37', '2022-02-12 09:41:37'),
(500, 1250, '1', '2023-05-15', '2022-02-12 09:41:37', '2022-02-12 09:41:37'),
(501, 1250, '1', '2023-05-16', '2022-02-12 09:41:37', '2022-02-12 09:41:37'),
(502, 1250, '1', '2023-05-17', '2022-02-12 09:41:37', '2022-02-12 09:41:37'),
(503, 1250, '1', '2023-05-18', '2022-02-12 09:41:37', '2022-02-12 09:41:37'),
(504, 1250, '1', '2023-05-19', '2022-02-12 09:41:37', '2022-02-12 09:41:37'),
(505, 1250, '1', '2023-05-20', '2022-02-12 09:41:37', '2022-02-12 09:41:37'),
(506, 1250, '1', '2023-05-21', '2022-02-12 09:41:37', '2022-02-12 09:41:37'),
(507, 1250, '1', '2023-05-22', '2022-02-12 09:41:37', '2022-02-12 09:41:37'),
(508, 1250, '1', '2023-05-23', '2022-02-12 09:41:37', '2022-02-12 09:41:37'),
(509, 1250, '1', '2023-05-24', '2022-02-12 09:41:37', '2022-02-12 09:41:37'),
(510, 1250, '1', '2023-05-25', '2022-02-12 09:41:37', '2022-02-12 09:41:37'),
(511, 1250, '1', '2023-05-26', '2022-02-12 09:41:37', '2022-02-12 09:41:37'),
(512, 1250, '1', '2023-05-27', '2022-02-12 09:41:37', '2022-02-12 09:41:37'),
(513, 1250, '1', '2023-05-28', '2022-02-12 09:41:37', '2022-02-12 09:41:37'),
(514, 1250, '1', '2023-05-29', '2022-02-12 09:41:37', '2022-02-12 09:41:37'),
(515, 1250, '1', '2023-05-30', '2022-02-12 09:41:37', '2022-02-12 09:41:37'),
(516, 1250, '1', '2023-05-31', '2022-02-12 09:41:37', '2022-02-12 09:41:37'),
(517, 1250, '1', '2023-06-01', '2022-02-12 09:41:37', '2022-02-12 09:41:37'),
(518, 1250, '1', '2023-06-02', '2022-02-12 09:41:37', '2022-02-12 09:41:37'),
(519, 1250, '1', '2023-06-03', '2022-02-12 09:41:37', '2022-02-12 09:41:37'),
(520, 1250, '1', '2023-06-04', '2022-02-12 09:41:37', '2022-02-12 09:41:37'),
(521, 1250, '1', '2023-06-05', '2022-02-12 09:41:37', '2022-02-12 09:41:37'),
(522, 1250, '1', '2023-06-06', '2022-02-12 09:41:37', '2022-02-12 09:41:37'),
(523, 1250, '1', '2023-06-07', '2022-02-12 09:41:37', '2022-02-12 09:41:37'),
(524, 1250, '1', '2023-06-08', '2022-02-12 09:41:37', '2022-02-12 09:41:37'),
(525, 1250, '1', '2023-06-09', '2022-02-12 09:41:37', '2022-02-12 09:41:37'),
(526, 1250, '1', '2023-06-10', '2022-02-12 09:41:37', '2022-02-12 09:41:37'),
(527, 1250, '1', '2023-06-11', '2022-02-12 09:41:37', '2022-02-12 09:41:37'),
(528, 1250, '1', '2023-06-12', '2022-02-12 09:41:37', '2022-02-12 09:41:37'),
(529, 1250, '1', '2023-06-13', '2022-02-12 09:41:37', '2022-02-12 09:41:37'),
(530, 1250, '1', '2023-06-14', '2022-02-12 09:41:37', '2022-02-12 09:41:37'),
(531, 1250, '1', '2023-06-15', '2022-02-12 09:41:37', '2022-02-12 09:41:37'),
(532, 1250, '1', '2023-06-16', '2022-02-12 09:41:37', '2022-02-12 09:41:37'),
(533, 1250, '1', '2023-06-17', '2022-02-12 09:41:37', '2022-02-12 09:41:37'),
(534, 1250, '1', '2023-06-18', '2022-02-12 09:41:37', '2022-02-12 09:41:37'),
(535, 1250, '1', '2023-06-19', '2022-02-12 09:41:37', '2022-02-12 09:41:37'),
(536, 1250, '1', '2023-06-20', '2022-02-12 09:41:37', '2022-02-12 09:41:37'),
(537, 1250, '1', '2023-06-21', '2022-02-12 09:41:38', '2022-02-12 09:41:38'),
(538, 1250, '1', '2023-06-22', '2022-02-12 09:41:38', '2022-02-12 09:41:38'),
(539, 1250, '1', '2023-06-23', '2022-02-12 09:41:38', '2022-02-12 09:41:38'),
(540, 1250, '1', '2023-06-24', '2022-02-12 09:41:38', '2022-02-12 09:41:38'),
(541, 1250, '1', '2023-06-25', '2022-02-12 09:41:38', '2022-02-12 09:41:38'),
(542, 1250, '1', '2023-06-26', '2022-02-12 09:41:38', '2022-02-12 09:41:38'),
(543, 1250, '1', '2023-06-27', '2022-02-12 09:41:38', '2022-02-12 09:41:38'),
(544, 1250, '1', '2023-06-28', '2022-02-12 09:41:38', '2022-02-12 09:41:38'),
(545, 1250, '1', '2023-06-29', '2022-02-12 09:41:38', '2022-02-12 09:41:38'),
(546, 1250, '1', '2023-06-30', '2022-02-12 09:41:38', '2022-02-12 09:41:38'),
(547, 1250, '1', '2023-07-01', '2022-02-12 09:41:38', '2022-02-12 09:41:38'),
(548, 1250, '1', '2023-07-02', '2022-02-12 09:41:38', '2022-02-12 09:41:38'),
(549, 1250, '1', '2023-07-03', '2022-02-12 09:41:38', '2022-02-12 09:41:38'),
(550, 1250, '1', '2023-07-04', '2022-02-12 09:41:38', '2022-02-12 09:41:38'),
(551, 1250, '1', '2023-07-05', '2022-02-12 09:41:38', '2022-02-12 09:41:38'),
(552, 1250, '1', '2023-07-06', '2022-02-12 09:41:38', '2022-02-12 09:41:38'),
(553, 1250, '1', '2023-07-07', '2022-02-12 09:41:38', '2022-02-12 09:41:38'),
(554, 1250, '1', '2023-07-08', '2022-02-12 09:41:38', '2022-02-12 09:41:38'),
(555, 1250, '1', '2023-07-09', '2022-02-12 09:41:38', '2022-02-12 09:41:38'),
(556, 1250, '1', '2023-07-10', '2022-02-12 09:41:38', '2022-02-12 09:41:38'),
(557, 1250, '1', '2023-07-11', '2022-02-12 09:41:38', '2022-02-12 09:41:38'),
(558, 1250, '1', '2023-07-12', '2022-02-12 09:41:38', '2022-02-12 09:41:38'),
(559, 1250, '1', '2023-07-13', '2022-02-12 09:41:38', '2022-02-12 09:41:38'),
(560, 1250, '1', '2023-07-14', '2022-02-12 09:41:38', '2022-02-12 09:41:38'),
(561, 1250, '1', '2023-07-15', '2022-02-12 09:41:38', '2022-02-12 09:41:38'),
(562, 1250, '1', '2023-07-16', '2022-02-12 09:41:38', '2022-02-12 09:41:38'),
(563, 1250, '1', '2023-07-17', '2022-02-12 09:41:38', '2022-02-12 09:41:38'),
(564, 1250, '1', '2023-07-18', '2022-02-12 09:41:38', '2022-02-12 09:41:38'),
(565, 1250, '1', '2023-07-19', '2022-02-12 09:41:38', '2022-02-12 09:41:38'),
(566, 1250, '1', '2023-07-20', '2022-02-12 09:41:38', '2022-02-12 09:41:38'),
(567, 1250, '1', '2023-07-21', '2022-02-12 09:41:38', '2022-02-12 09:41:38'),
(568, 1250, '1', '2023-07-22', '2022-02-12 09:41:38', '2022-02-12 09:41:38'),
(569, 1250, '1', '2023-07-23', '2022-02-12 09:41:38', '2022-02-12 09:41:38'),
(570, 1250, '1', '2023-07-24', '2022-02-12 09:41:38', '2022-02-12 09:41:38'),
(571, 1250, '1', '2023-07-25', '2022-02-12 09:41:38', '2022-02-12 09:41:38'),
(572, 1250, '1', '2023-07-26', '2022-02-12 09:41:38', '2022-02-12 09:41:38'),
(573, 1250, '1', '2023-07-27', '2022-02-12 09:41:38', '2022-02-12 09:41:38'),
(574, 1250, '1', '2023-07-28', '2022-02-12 09:41:38', '2022-02-12 09:41:38'),
(575, 1250, '1', '2023-07-29', '2022-02-12 09:41:38', '2022-02-12 09:41:38'),
(576, 1250, '1', '2023-07-30', '2022-02-12 09:41:38', '2022-02-12 09:41:38'),
(577, 1250, '1', '2023-07-31', '2022-02-12 09:41:38', '2022-02-12 09:41:38'),
(578, 1250, '1', '2023-08-01', '2022-02-12 09:41:38', '2022-02-12 09:41:38'),
(579, 1250, '1', '2023-08-02', '2022-02-12 09:41:38', '2022-02-12 09:41:38'),
(580, 1250, '1', '2023-08-03', '2022-02-12 09:41:38', '2022-02-12 09:41:38'),
(581, 1250, '1', '2023-08-04', '2022-02-12 09:41:38', '2022-02-12 09:41:38'),
(582, 1250, '1', '2023-08-05', '2022-02-12 09:41:38', '2022-02-12 09:41:38'),
(583, 1250, '1', '2023-08-06', '2022-02-12 09:41:38', '2022-02-12 09:41:38'),
(584, 1250, '1', '2023-08-07', '2022-02-12 09:41:38', '2022-02-12 09:41:38'),
(585, 1250, '1', '2023-08-08', '2022-02-12 09:41:38', '2022-02-12 09:41:38'),
(586, 1250, '1', '2023-08-09', '2022-02-12 09:41:38', '2022-02-12 09:41:38'),
(587, 1250, '1', '2023-08-10', '2022-02-12 09:41:38', '2022-02-12 09:41:38'),
(588, 1250, '1', '2023-08-11', '2022-02-12 09:41:38', '2022-02-12 09:41:38'),
(589, 1250, '1', '2023-08-12', '2022-02-12 09:41:38', '2022-02-12 09:41:38'),
(590, 1250, '1', '2023-08-13', '2022-02-12 09:41:38', '2022-02-12 09:41:38'),
(591, 1250, '1', '2023-08-14', '2022-02-12 09:41:38', '2022-02-12 09:41:38'),
(592, 1250, '1', '2023-08-15', '2022-02-12 09:41:38', '2022-02-12 09:41:38'),
(593, 1250, '1', '2023-08-16', '2022-02-12 09:41:38', '2022-02-12 09:41:38'),
(594, 1250, '1', '2023-08-17', '2022-02-12 09:41:38', '2022-02-12 09:41:38'),
(595, 1250, '1', '2023-08-18', '2022-02-12 09:41:38', '2022-02-12 09:41:38'),
(596, 1250, '1', '2023-08-19', '2022-02-12 09:41:38', '2022-02-12 09:41:38'),
(597, 1250, '1', '2023-08-20', '2022-02-12 09:41:38', '2022-02-12 09:41:38'),
(598, 1250, '1', '2023-08-21', '2022-02-12 09:41:38', '2022-02-12 09:41:38'),
(599, 1250, '1', '2023-08-22', '2022-02-12 09:41:38', '2022-02-12 09:41:38'),
(600, 1250, '1', '2023-08-23', '2022-02-12 09:41:38', '2022-02-12 09:41:38'),
(601, 1250, '1', '2023-08-24', '2022-02-12 09:41:38', '2022-02-12 09:41:38'),
(602, 1250, '1', '2023-08-25', '2022-02-12 09:41:38', '2022-02-12 09:41:38'),
(603, 1250, '1', '2023-08-26', '2022-02-12 09:41:38', '2022-02-12 09:41:38'),
(604, 1250, '1', '2023-08-27', '2022-02-12 09:41:38', '2022-02-12 09:41:38'),
(605, 1250, '1', '2023-08-28', '2022-02-12 09:41:38', '2022-02-12 09:41:38'),
(606, 1250, '1', '2023-08-29', '2022-02-12 09:41:38', '2022-02-12 09:41:38'),
(607, 1250, '1', '2023-08-30', '2022-02-12 09:41:38', '2022-02-12 09:41:38'),
(608, 1250, '1', '2023-08-31', '2022-02-12 09:41:38', '2022-02-12 09:41:38'),
(609, 1250, '1', '2023-09-01', '2022-02-12 09:41:38', '2022-02-12 09:41:38'),
(610, 1250, '1', '2023-09-02', '2022-02-12 09:41:38', '2022-02-12 09:41:38'),
(611, 1250, '1', '2023-09-03', '2022-02-12 09:41:38', '2022-02-12 09:41:38'),
(612, 1250, '1', '2023-09-04', '2022-02-12 09:41:38', '2022-02-12 09:41:38'),
(613, 1250, '1', '2023-09-05', '2022-02-12 09:41:38', '2022-02-12 09:41:38'),
(614, 1250, '1', '2023-09-06', '2022-02-12 09:41:38', '2022-02-12 09:41:38'),
(615, 1250, '1', '2023-09-07', '2022-02-12 09:41:38', '2022-02-12 09:41:38'),
(616, 1250, '1', '2023-09-08', '2022-02-12 09:41:38', '2022-02-12 09:41:38'),
(617, 1250, '1', '2023-09-09', '2022-02-12 09:41:38', '2022-02-12 09:41:38'),
(618, 1250, '1', '2023-09-10', '2022-02-12 09:41:38', '2022-02-12 09:41:38'),
(619, 1250, '1', '2023-09-11', '2022-02-12 09:41:38', '2022-02-12 09:41:38'),
(620, 1250, '1', '2023-09-12', '2022-02-12 09:41:38', '2022-02-12 09:41:38'),
(621, 1250, '1', '2023-09-13', '2022-02-12 09:41:38', '2022-02-12 09:41:38'),
(622, 1250, '1', '2023-09-14', '2022-02-12 09:41:38', '2022-02-12 09:41:38'),
(623, 1250, '1', '2023-09-15', '2022-02-12 09:41:38', '2022-02-12 09:41:38'),
(624, 1250, '1', '2023-09-16', '2022-02-12 09:41:38', '2022-02-12 09:41:38'),
(625, 1250, '1', '2023-09-17', '2022-02-12 09:41:38', '2022-02-12 09:41:38'),
(626, 1250, '1', '2023-09-18', '2022-02-12 09:41:38', '2022-02-12 09:41:38'),
(627, 1250, '1', '2023-09-19', '2022-02-12 09:41:38', '2022-02-12 09:41:38'),
(628, 1250, '1', '2023-09-20', '2022-02-12 09:41:38', '2022-02-12 09:41:38'),
(629, 1250, '1', '2023-09-21', '2022-02-12 09:41:38', '2022-02-12 09:41:38'),
(630, 1250, '1', '2023-09-22', '2022-02-12 09:41:38', '2022-02-12 09:41:38'),
(631, 1250, '1', '2023-09-23', '2022-02-12 09:41:38', '2022-02-12 09:41:38'),
(632, 1250, '1', '2023-09-24', '2022-02-12 09:41:38', '2022-02-12 09:41:38'),
(633, 1250, '1', '2023-09-25', '2022-02-12 09:41:38', '2022-02-12 09:41:38'),
(634, 1250, '1', '2023-09-26', '2022-02-12 09:41:38', '2022-02-12 09:41:38'),
(635, 1250, '1', '2023-09-27', '2022-02-12 09:41:38', '2022-02-12 09:41:38'),
(636, 1250, '1', '2023-09-28', '2022-02-12 09:41:38', '2022-02-12 09:41:38'),
(637, 1250, '1', '2023-09-29', '2022-02-12 09:41:38', '2022-02-12 09:41:38'),
(638, 1250, '1', '2023-09-30', '2022-02-12 09:41:38', '2022-02-12 09:41:38'),
(639, 1250, '1', '2023-10-01', '2022-02-12 09:41:38', '2022-02-12 09:41:38'),
(640, 1250, '1', '2023-10-02', '2022-02-12 09:41:38', '2022-02-12 09:41:38'),
(641, 1250, '1', '2023-10-03', '2022-02-12 09:41:38', '2022-02-12 09:41:38'),
(642, 1250, '1', '2023-10-04', '2022-02-12 09:41:38', '2022-02-12 09:41:38'),
(643, 1250, '1', '2023-10-05', '2022-02-12 09:41:38', '2022-02-12 09:41:38'),
(644, 1250, '1', '2023-10-06', '2022-02-12 09:41:38', '2022-02-12 09:41:38'),
(645, 1250, '1', '2023-10-07', '2022-02-12 09:41:38', '2022-02-12 09:41:38'),
(646, 1250, '1', '2023-10-08', '2022-02-12 09:41:38', '2022-02-12 09:41:38'),
(647, 1250, '1', '2023-10-09', '2022-02-12 09:41:38', '2022-02-12 09:41:38'),
(648, 1250, '1', '2023-10-10', '2022-02-12 09:41:38', '2022-02-12 09:41:38'),
(649, 1250, '1', '2023-10-11', '2022-02-12 09:41:38', '2022-02-12 09:41:38'),
(650, 1250, '1', '2023-10-12', '2022-02-12 09:41:38', '2022-02-12 09:41:38'),
(651, 1250, '1', '2023-10-13', '2022-02-12 09:41:38', '2022-02-12 09:41:38'),
(652, 1250, '1', '2023-10-14', '2022-02-12 09:41:38', '2022-02-12 09:41:38'),
(653, 1250, '1', '2023-10-15', '2022-02-12 09:41:38', '2022-02-12 09:41:38'),
(654, 1250, '1', '2023-10-16', '2022-02-12 09:41:38', '2022-02-12 09:41:38'),
(655, 1250, '1', '2023-10-17', '2022-02-12 09:41:38', '2022-02-12 09:41:38'),
(656, 1250, '1', '2023-10-18', '2022-02-12 09:41:38', '2022-02-12 09:41:38'),
(657, 1250, '1', '2023-10-19', '2022-02-12 09:41:38', '2022-02-12 09:41:38'),
(658, 1250, '1', '2023-10-20', '2022-02-12 09:41:38', '2022-02-12 09:41:38');
INSERT INTO `capacity_days` (`id`, `count`, `status`, `day`, `created_at`, `updated_at`) VALUES
(659, 1250, '1', '2023-10-21', '2022-02-12 09:41:38', '2022-02-12 09:41:38'),
(660, 1250, '1', '2023-10-22', '2022-02-12 09:41:38', '2022-02-12 09:41:38'),
(661, 1250, '1', '2023-10-23', '2022-02-12 09:41:38', '2022-02-12 09:41:38'),
(662, 1250, '1', '2023-10-24', '2022-02-12 09:41:38', '2022-02-12 09:41:38'),
(663, 1250, '1', '2023-10-25', '2022-02-12 09:41:38', '2022-02-12 09:41:38'),
(664, 1250, '1', '2023-10-26', '2022-02-12 09:41:38', '2022-02-12 09:41:38'),
(665, 1250, '1', '2023-10-27', '2022-02-12 09:41:38', '2022-02-12 09:41:38'),
(666, 1250, '1', '2023-10-28', '2022-02-12 09:41:38', '2022-02-12 09:41:38'),
(667, 1250, '1', '2023-10-29', '2022-02-12 09:41:38', '2022-02-12 09:41:38'),
(668, 1250, '1', '2023-10-30', '2022-02-12 09:41:38', '2022-02-12 09:41:38'),
(669, 1250, '1', '2023-10-31', '2022-02-12 09:41:38', '2022-02-12 09:41:38'),
(670, 1250, '1', '2023-11-01', '2022-02-12 09:41:38', '2022-02-12 09:41:38'),
(671, 1250, '1', '2023-11-02', '2022-02-12 09:41:38', '2022-02-12 09:41:38'),
(672, 1250, '1', '2023-11-03', '2022-02-12 09:41:38', '2022-02-12 09:41:38'),
(673, 1250, '1', '2023-11-04', '2022-02-12 09:41:38', '2022-02-12 09:41:38'),
(674, 1250, '1', '2023-11-05', '2022-02-12 09:41:38', '2022-02-12 09:41:38'),
(675, 1250, '1', '2023-11-06', '2022-02-12 09:41:38', '2022-02-12 09:41:38'),
(676, 1250, '1', '2023-11-07', '2022-02-12 09:41:38', '2022-02-12 09:41:38'),
(677, 1250, '1', '2023-11-08', '2022-02-12 09:41:38', '2022-02-12 09:41:38'),
(678, 1250, '1', '2023-11-09', '2022-02-12 09:41:38', '2022-02-12 09:41:38'),
(679, 1250, '1', '2023-11-10', '2022-02-12 09:41:38', '2022-02-12 09:41:38'),
(680, 1250, '1', '2023-11-11', '2022-02-12 09:41:38', '2022-02-12 09:41:38'),
(681, 1250, '1', '2023-11-12', '2022-02-12 09:41:38', '2022-02-12 09:41:38'),
(682, 1250, '1', '2023-11-13', '2022-02-12 09:41:38', '2022-02-12 09:41:38'),
(683, 1250, '1', '2023-11-14', '2022-02-12 09:41:38', '2022-02-12 09:41:38'),
(684, 1250, '1', '2023-11-15', '2022-02-12 09:41:38', '2022-02-12 09:41:38'),
(685, 1250, '1', '2023-11-16', '2022-02-12 09:41:38', '2022-02-12 09:41:38'),
(686, 1250, '1', '2023-11-17', '2022-02-12 09:41:38', '2022-02-12 09:41:38'),
(687, 1250, '1', '2023-11-18', '2022-02-12 09:41:38', '2022-02-12 09:41:38'),
(688, 1250, '1', '2023-11-19', '2022-02-12 09:41:38', '2022-02-12 09:41:38'),
(689, 1250, '1', '2023-11-20', '2022-02-12 09:41:38', '2022-02-12 09:41:38'),
(690, 1250, '1', '2023-11-21', '2022-02-12 09:41:38', '2022-02-12 09:41:38'),
(691, 1250, '1', '2023-11-22', '2022-02-12 09:41:38', '2022-02-12 09:41:38'),
(692, 1250, '1', '2023-11-23', '2022-02-12 09:41:38', '2022-02-12 09:41:38'),
(693, 1250, '1', '2023-11-24', '2022-02-12 09:41:38', '2022-02-12 09:41:38'),
(694, 1250, '1', '2023-11-25', '2022-02-12 09:41:38', '2022-02-12 09:41:38'),
(695, 1250, '1', '2023-11-26', '2022-02-12 09:41:38', '2022-02-12 09:41:38'),
(696, 1250, '1', '2023-11-27', '2022-02-12 09:41:38', '2022-02-12 09:41:38'),
(697, 1250, '1', '2023-11-28', '2022-02-12 09:41:38', '2022-02-12 09:41:38'),
(698, 1250, '1', '2023-11-29', '2022-02-12 09:41:38', '2022-02-12 09:41:38'),
(699, 1250, '1', '2023-11-30', '2022-02-12 09:41:38', '2022-02-12 09:41:38'),
(700, 1250, '1', '2023-12-01', '2022-02-12 09:41:38', '2022-02-12 09:41:38'),
(701, 1250, '1', '2023-12-02', '2022-02-12 09:41:38', '2022-02-12 09:41:38'),
(702, 1250, '1', '2023-12-03', '2022-02-12 09:41:38', '2022-02-12 09:41:38'),
(703, 1250, '1', '2023-12-04', '2022-02-12 09:41:38', '2022-02-12 09:41:38'),
(704, 1250, '1', '2023-12-05', '2022-02-12 09:41:38', '2022-02-12 09:41:38'),
(705, 1250, '1', '2023-12-06', '2022-02-12 09:41:38', '2022-02-12 09:41:38'),
(706, 1250, '1', '2023-12-07', '2022-02-12 09:41:38', '2022-02-12 09:41:38'),
(707, 1250, '1', '2023-12-08', '2022-02-12 09:41:38', '2022-02-12 09:41:38'),
(708, 1250, '1', '2023-12-09', '2022-02-12 09:41:38', '2022-02-12 09:41:38'),
(709, 1250, '1', '2023-12-10', '2022-02-12 09:41:38', '2022-02-12 09:41:38'),
(710, 1250, '1', '2023-12-11', '2022-02-12 09:41:38', '2022-02-12 09:41:38'),
(711, 1250, '1', '2023-12-12', '2022-02-12 09:41:38', '2022-02-12 09:41:38'),
(712, 1250, '1', '2023-12-13', '2022-02-12 09:41:38', '2022-02-12 09:41:38'),
(713, 1250, '1', '2023-12-14', '2022-02-12 09:41:38', '2022-02-12 09:41:38'),
(714, 1250, '1', '2023-12-15', '2022-02-12 09:41:38', '2022-02-12 09:41:38'),
(715, 1250, '1', '2023-12-16', '2022-02-12 09:41:38', '2022-02-12 09:41:38'),
(716, 1250, '1', '2023-12-17', '2022-02-12 09:41:38', '2022-02-12 09:41:38'),
(717, 1250, '1', '2023-12-18', '2022-02-12 09:41:38', '2022-02-12 09:41:38'),
(718, 1250, '1', '2023-12-19', '2022-02-12 09:41:38', '2022-02-12 09:41:38'),
(719, 1250, '1', '2023-12-20', '2022-02-12 09:41:38', '2022-02-12 09:41:38'),
(720, 1250, '1', '2023-12-21', '2022-02-12 09:41:38', '2022-02-12 09:41:38'),
(721, 1250, '1', '2023-12-22', '2022-02-12 09:41:38', '2022-02-12 09:41:38'),
(722, 1250, '1', '2023-12-23', '2022-02-12 09:41:38', '2022-02-12 09:41:38'),
(723, 1250, '1', '2023-12-24', '2022-02-12 09:41:38', '2022-02-12 09:41:38'),
(724, 1250, '1', '2023-12-25', '2022-02-12 09:41:38', '2022-02-12 09:41:38'),
(725, 1250, '1', '2023-12-26', '2022-02-12 09:41:38', '2022-02-12 09:41:38'),
(726, 1250, '1', '2023-12-27', '2022-02-12 09:41:38', '2022-02-12 09:41:38'),
(727, 1250, '1', '2023-12-28', '2022-02-12 09:41:39', '2022-02-12 09:41:39'),
(728, 1250, '1', '2023-12-29', '2022-02-12 09:41:39', '2022-02-12 09:41:39'),
(729, 1250, '1', '2023-12-30', '2022-02-12 09:41:39', '2022-02-12 09:41:39'),
(730, 1250, '1', '2023-12-31', '2022-02-12 09:41:39', '2022-02-12 09:41:39'),
(731, 1250, '1', '2024-01-01', '2022-02-12 09:41:57', '2022-02-12 09:41:57'),
(732, 1250, '1', '2024-01-02', '2022-02-12 09:41:57', '2022-02-12 09:41:57'),
(733, 1250, '1', '2024-01-03', '2022-02-12 09:41:57', '2022-02-12 09:41:57'),
(734, 1250, '1', '2024-01-04', '2022-02-12 09:41:57', '2022-02-12 09:41:57'),
(735, 1250, '1', '2024-01-05', '2022-02-12 09:41:57', '2022-02-12 09:41:57'),
(736, 1250, '1', '2024-01-06', '2022-02-12 09:41:57', '2022-02-12 09:41:57'),
(737, 1250, '1', '2024-01-07', '2022-02-12 09:41:57', '2022-02-12 09:41:57'),
(738, 1250, '1', '2024-01-08', '2022-02-12 09:41:57', '2022-02-12 09:41:57'),
(739, 1250, '1', '2024-01-09', '2022-02-12 09:41:57', '2022-02-12 09:41:57'),
(740, 1250, '1', '2024-01-10', '2022-02-12 09:41:57', '2022-02-12 09:41:57'),
(741, 1250, '1', '2024-01-11', '2022-02-12 09:41:57', '2022-02-12 09:41:57'),
(742, 1250, '1', '2024-01-12', '2022-02-12 09:41:57', '2022-02-12 09:41:57'),
(743, 1250, '1', '2024-01-13', '2022-02-12 09:41:57', '2022-02-12 09:41:57'),
(744, 1250, '1', '2024-01-14', '2022-02-12 09:41:57', '2022-02-12 09:41:57'),
(745, 1250, '1', '2024-01-15', '2022-02-12 09:41:57', '2022-02-12 09:41:57'),
(746, 1250, '1', '2024-01-16', '2022-02-12 09:41:57', '2022-02-12 09:41:57'),
(747, 1250, '1', '2024-01-17', '2022-02-12 09:41:57', '2022-02-12 09:41:57'),
(748, 1250, '1', '2024-01-18', '2022-02-12 09:41:57', '2022-02-12 09:41:57'),
(749, 1250, '1', '2024-01-19', '2022-02-12 09:41:57', '2022-02-12 09:41:57'),
(750, 1250, '1', '2024-01-20', '2022-02-12 09:41:57', '2022-02-12 09:41:57'),
(751, 1250, '1', '2024-01-21', '2022-02-12 09:41:57', '2022-02-12 09:41:57'),
(752, 1250, '1', '2024-01-22', '2022-02-12 09:41:57', '2022-02-12 09:41:57'),
(753, 1250, '1', '2024-01-23', '2022-02-12 09:41:57', '2022-02-12 09:41:57'),
(754, 1250, '1', '2024-01-24', '2022-02-12 09:41:57', '2022-02-12 09:41:57'),
(755, 1250, '1', '2024-01-25', '2022-02-12 09:41:57', '2022-02-12 09:41:57'),
(756, 1250, '1', '2024-01-26', '2022-02-12 09:41:57', '2022-02-12 09:41:57'),
(757, 1250, '1', '2024-01-27', '2022-02-12 09:41:57', '2022-02-12 09:41:57'),
(758, 1250, '1', '2024-01-28', '2022-02-12 09:41:57', '2022-02-12 09:41:57'),
(759, 1250, '1', '2024-01-29', '2022-02-12 09:41:57', '2022-02-12 09:41:57'),
(760, 1250, '1', '2024-01-30', '2022-02-12 09:41:57', '2022-02-12 09:41:57'),
(761, 1250, '1', '2024-01-31', '2022-02-12 09:41:57', '2022-02-12 09:41:57'),
(762, 1250, '1', '2024-02-01', '2022-02-12 09:41:57', '2022-02-12 09:41:57'),
(763, 1250, '1', '2024-02-02', '2022-02-12 09:41:57', '2022-02-12 09:41:57'),
(764, 1250, '1', '2024-02-03', '2022-02-12 09:41:57', '2022-02-12 09:41:57'),
(765, 1250, '1', '2024-02-04', '2022-02-12 09:41:57', '2022-02-12 09:41:57'),
(766, 1250, '1', '2024-02-05', '2022-02-12 09:41:57', '2022-02-12 09:41:57'),
(767, 1250, '1', '2024-02-06', '2022-02-12 09:41:57', '2022-02-12 09:41:57'),
(768, 1250, '1', '2024-02-07', '2022-02-12 09:41:57', '2022-02-12 09:41:57'),
(769, 1250, '1', '2024-02-08', '2022-02-12 09:41:57', '2022-02-12 09:41:57'),
(770, 1250, '1', '2024-02-09', '2022-02-12 09:41:57', '2022-02-12 09:41:57'),
(771, 1250, '1', '2024-02-10', '2022-02-12 09:41:57', '2022-02-12 09:41:57'),
(772, 1250, '1', '2024-02-11', '2022-02-12 09:41:57', '2022-02-12 09:41:57'),
(773, 1250, '1', '2024-02-12', '2022-02-12 09:41:57', '2022-02-12 09:41:57'),
(774, 1250, '1', '2024-02-13', '2022-02-12 09:41:57', '2022-02-12 09:41:57'),
(775, 1250, '1', '2024-02-14', '2022-02-12 09:41:57', '2022-02-12 09:41:57'),
(776, 1250, '1', '2024-02-15', '2022-02-12 09:41:57', '2022-02-12 09:41:57'),
(777, 1250, '1', '2024-02-16', '2022-02-12 09:41:57', '2022-02-12 09:41:57'),
(778, 1250, '1', '2024-02-17', '2022-02-12 09:41:57', '2022-02-12 09:41:57'),
(779, 1250, '1', '2024-02-18', '2022-02-12 09:41:57', '2022-02-12 09:41:57'),
(780, 1250, '1', '2024-02-19', '2022-02-12 09:41:57', '2022-02-12 09:41:57'),
(781, 1250, '1', '2024-02-20', '2022-02-12 09:41:57', '2022-02-12 09:41:57'),
(782, 1250, '1', '2024-02-21', '2022-02-12 09:41:57', '2022-02-12 09:41:57'),
(783, 1250, '1', '2024-02-22', '2022-02-12 09:41:57', '2022-02-12 09:41:57'),
(784, 1250, '1', '2024-02-23', '2022-02-12 09:41:57', '2022-02-12 09:41:57'),
(785, 1250, '1', '2024-02-24', '2022-02-12 09:41:57', '2022-02-12 09:41:57'),
(786, 1250, '1', '2024-02-25', '2022-02-12 09:41:57', '2022-02-12 09:41:57'),
(787, 1250, '1', '2024-02-26', '2022-02-12 09:41:57', '2022-02-12 09:41:57'),
(788, 1250, '1', '2024-02-27', '2022-02-12 09:41:57', '2022-02-12 09:41:57'),
(789, 1250, '1', '2024-02-28', '2022-02-12 09:41:57', '2022-02-12 09:41:57'),
(790, 1250, '1', '2024-02-29', '2022-02-12 09:41:57', '2022-02-12 09:41:57'),
(791, 1250, '1', '2024-03-01', '2022-02-12 09:41:57', '2022-02-12 09:41:57'),
(792, 1250, '1', '2024-03-02', '2022-02-12 09:41:57', '2022-02-12 09:41:57'),
(793, 1250, '1', '2024-03-03', '2022-02-12 09:41:57', '2022-02-12 09:41:57'),
(794, 1250, '1', '2024-03-04', '2022-02-12 09:41:57', '2022-02-12 09:41:57'),
(795, 1250, '1', '2024-03-05', '2022-02-12 09:41:57', '2022-02-12 09:41:57'),
(796, 1250, '1', '2024-03-06', '2022-02-12 09:41:57', '2022-02-12 09:41:57'),
(797, 1250, '1', '2024-03-07', '2022-02-12 09:41:57', '2022-02-12 09:41:57'),
(798, 1250, '1', '2024-03-08', '2022-02-12 09:41:57', '2022-02-12 09:41:57'),
(799, 1250, '1', '2024-03-09', '2022-02-12 09:41:57', '2022-02-12 09:41:57'),
(800, 1250, '1', '2024-03-10', '2022-02-12 09:41:57', '2022-02-12 09:41:57'),
(801, 1250, '1', '2024-03-11', '2022-02-12 09:41:57', '2022-02-12 09:41:57'),
(802, 1250, '1', '2024-03-12', '2022-02-12 09:41:57', '2022-02-12 09:41:57'),
(803, 1250, '1', '2024-03-13', '2022-02-12 09:41:57', '2022-02-12 09:41:57'),
(804, 1250, '1', '2024-03-14', '2022-02-12 09:41:57', '2022-02-12 09:41:57'),
(805, 1250, '1', '2024-03-15', '2022-02-12 09:41:57', '2022-02-12 09:41:57'),
(806, 1250, '1', '2024-03-16', '2022-02-12 09:41:57', '2022-02-12 09:41:57'),
(807, 1250, '1', '2024-03-17', '2022-02-12 09:41:57', '2022-02-12 09:41:57'),
(808, 1250, '1', '2024-03-18', '2022-02-12 09:41:57', '2022-02-12 09:41:57'),
(809, 1250, '1', '2024-03-19', '2022-02-12 09:41:57', '2022-02-12 09:41:57'),
(810, 1250, '1', '2024-03-20', '2022-02-12 09:41:57', '2022-02-12 09:41:57'),
(811, 1250, '1', '2024-03-21', '2022-02-12 09:41:57', '2022-02-12 09:41:57'),
(812, 1250, '1', '2024-03-22', '2022-02-12 09:41:58', '2022-02-12 09:41:58'),
(813, 1250, '1', '2024-03-23', '2022-02-12 09:41:58', '2022-02-12 09:41:58'),
(814, 1250, '1', '2024-03-24', '2022-02-12 09:41:58', '2022-02-12 09:41:58'),
(815, 1250, '1', '2024-03-25', '2022-02-12 09:41:58', '2022-02-12 09:41:58'),
(816, 1250, '1', '2024-03-26', '2022-02-12 09:41:58', '2022-02-12 09:41:58'),
(817, 1250, '1', '2024-03-27', '2022-02-12 09:41:58', '2022-02-12 09:41:58'),
(818, 1250, '1', '2024-03-28', '2022-02-12 09:41:58', '2022-02-12 09:41:58'),
(819, 1250, '1', '2024-03-29', '2022-02-12 09:41:58', '2022-02-12 09:41:58'),
(820, 1250, '1', '2024-03-30', '2022-02-12 09:41:58', '2022-02-12 09:41:58'),
(821, 1250, '1', '2024-03-31', '2022-02-12 09:41:58', '2022-02-12 09:41:58'),
(822, 1250, '1', '2024-04-01', '2022-02-12 09:41:58', '2022-02-12 09:41:58'),
(823, 1250, '1', '2024-04-02', '2022-02-12 09:41:58', '2022-02-12 09:41:58'),
(824, 1250, '1', '2024-04-03', '2022-02-12 09:41:58', '2022-02-12 09:41:58'),
(825, 1250, '1', '2024-04-04', '2022-02-12 09:41:58', '2022-02-12 09:41:58'),
(826, 1250, '1', '2024-04-05', '2022-02-12 09:41:58', '2022-02-12 09:41:58'),
(827, 1250, '1', '2024-04-06', '2022-02-12 09:41:58', '2022-02-12 09:41:58'),
(828, 1250, '1', '2024-04-07', '2022-02-12 09:41:58', '2022-02-12 09:41:58'),
(829, 1250, '1', '2024-04-08', '2022-02-12 09:41:58', '2022-02-12 09:41:58'),
(830, 1250, '1', '2024-04-09', '2022-02-12 09:41:58', '2022-02-12 09:41:58'),
(831, 1250, '1', '2024-04-10', '2022-02-12 09:41:58', '2022-02-12 09:41:58'),
(832, 1250, '1', '2024-04-11', '2022-02-12 09:41:58', '2022-02-12 09:41:58'),
(833, 1250, '1', '2024-04-12', '2022-02-12 09:41:58', '2022-02-12 09:41:58'),
(834, 1250, '1', '2024-04-13', '2022-02-12 09:41:58', '2022-02-12 09:41:58'),
(835, 1250, '1', '2024-04-14', '2022-02-12 09:41:58', '2022-02-12 09:41:58'),
(836, 1250, '1', '2024-04-15', '2022-02-12 09:41:58', '2022-02-12 09:41:58'),
(837, 1250, '1', '2024-04-16', '2022-02-12 09:41:58', '2022-02-12 09:41:58'),
(838, 1250, '1', '2024-04-17', '2022-02-12 09:41:58', '2022-02-12 09:41:58'),
(839, 1250, '1', '2024-04-18', '2022-02-12 09:41:58', '2022-02-12 09:41:58'),
(840, 1250, '1', '2024-04-19', '2022-02-12 09:41:58', '2022-02-12 09:41:58'),
(841, 1250, '1', '2024-04-20', '2022-02-12 09:41:58', '2022-02-12 09:41:58'),
(842, 1250, '1', '2024-04-21', '2022-02-12 09:41:58', '2022-02-12 09:41:58'),
(843, 1250, '1', '2024-04-22', '2022-02-12 09:41:58', '2022-02-12 09:41:58'),
(844, 1250, '1', '2024-04-23', '2022-02-12 09:41:58', '2022-02-12 09:41:58'),
(845, 1250, '1', '2024-04-24', '2022-02-12 09:41:58', '2022-02-12 09:41:58'),
(846, 1250, '1', '2024-04-25', '2022-02-12 09:41:58', '2022-02-12 09:41:58'),
(847, 1250, '1', '2024-04-26', '2022-02-12 09:41:58', '2022-02-12 09:41:58'),
(848, 1250, '1', '2024-04-27', '2022-02-12 09:41:58', '2022-02-12 09:41:58'),
(849, 1250, '1', '2024-04-28', '2022-02-12 09:41:58', '2022-02-12 09:41:58'),
(850, 1250, '1', '2024-04-29', '2022-02-12 09:41:58', '2022-02-12 09:41:58'),
(851, 1250, '1', '2024-04-30', '2022-02-12 09:41:58', '2022-02-12 09:41:58'),
(852, 1250, '1', '2024-05-01', '2022-02-12 09:41:58', '2022-02-12 09:41:58'),
(853, 1250, '1', '2024-05-02', '2022-02-12 09:41:58', '2022-02-12 09:41:58'),
(854, 1250, '1', '2024-05-03', '2022-02-12 09:41:58', '2022-02-12 09:41:58'),
(855, 1250, '1', '2024-05-04', '2022-02-12 09:41:58', '2022-02-12 09:41:58'),
(856, 1250, '1', '2024-05-05', '2022-02-12 09:41:58', '2022-02-12 09:41:58'),
(857, 1250, '1', '2024-05-06', '2022-02-12 09:41:58', '2022-02-12 09:41:58'),
(858, 1250, '1', '2024-05-07', '2022-02-12 09:41:58', '2022-02-12 09:41:58'),
(859, 1250, '1', '2024-05-08', '2022-02-12 09:41:58', '2022-02-12 09:41:58'),
(860, 1250, '1', '2024-05-09', '2022-02-12 09:41:58', '2022-02-12 09:41:58'),
(861, 1250, '1', '2024-05-10', '2022-02-12 09:41:58', '2022-02-12 09:41:58'),
(862, 1250, '1', '2024-05-11', '2022-02-12 09:41:58', '2022-02-12 09:41:58'),
(863, 1250, '1', '2024-05-12', '2022-02-12 09:41:58', '2022-02-12 09:41:58'),
(864, 1250, '1', '2024-05-13', '2022-02-12 09:41:58', '2022-02-12 09:41:58'),
(865, 1250, '1', '2024-05-14', '2022-02-12 09:41:58', '2022-02-12 09:41:58'),
(866, 1250, '1', '2024-05-15', '2022-02-12 09:41:58', '2022-02-12 09:41:58'),
(867, 1250, '1', '2024-05-16', '2022-02-12 09:41:58', '2022-02-12 09:41:58'),
(868, 1250, '1', '2024-05-17', '2022-02-12 09:41:58', '2022-02-12 09:41:58'),
(869, 1250, '1', '2024-05-18', '2022-02-12 09:41:58', '2022-02-12 09:41:58'),
(870, 1250, '1', '2024-05-19', '2022-02-12 09:41:58', '2022-02-12 09:41:58'),
(871, 1250, '1', '2024-05-20', '2022-02-12 09:41:58', '2022-02-12 09:41:58'),
(872, 1250, '1', '2024-05-21', '2022-02-12 09:41:58', '2022-02-12 09:41:58'),
(873, 1250, '1', '2024-05-22', '2022-02-12 09:41:58', '2022-02-12 09:41:58'),
(874, 1250, '1', '2024-05-23', '2022-02-12 09:41:58', '2022-02-12 09:41:58'),
(875, 1250, '1', '2024-05-24', '2022-02-12 09:41:58', '2022-02-12 09:41:58'),
(876, 1250, '1', '2024-05-25', '2022-02-12 09:41:58', '2022-02-12 09:41:58'),
(877, 1250, '1', '2024-05-26', '2022-02-12 09:41:58', '2022-02-12 09:41:58'),
(878, 1250, '1', '2024-05-27', '2022-02-12 09:41:58', '2022-02-12 09:41:58'),
(879, 1250, '1', '2024-05-28', '2022-02-12 09:41:58', '2022-02-12 09:41:58'),
(880, 1250, '1', '2024-05-29', '2022-02-12 09:41:58', '2022-02-12 09:41:58'),
(881, 1250, '1', '2024-05-30', '2022-02-12 09:41:58', '2022-02-12 09:41:58'),
(882, 1250, '1', '2024-05-31', '2022-02-12 09:41:58', '2022-02-12 09:41:58'),
(883, 1250, '1', '2024-06-01', '2022-02-12 09:41:58', '2022-02-12 09:41:58'),
(884, 1250, '1', '2024-06-02', '2022-02-12 09:41:58', '2022-02-12 09:41:58'),
(885, 1250, '1', '2024-06-03', '2022-02-12 09:41:58', '2022-02-12 09:41:58'),
(886, 1250, '1', '2024-06-04', '2022-02-12 09:41:58', '2022-02-12 09:41:58'),
(887, 1250, '1', '2024-06-05', '2022-02-12 09:41:58', '2022-02-12 09:41:58'),
(888, 1250, '1', '2024-06-06', '2022-02-12 09:41:58', '2022-02-12 09:41:58'),
(889, 1250, '1', '2024-06-07', '2022-02-12 09:41:58', '2022-02-12 09:41:58'),
(890, 1250, '1', '2024-06-08', '2022-02-12 09:41:58', '2022-02-12 09:41:58'),
(891, 1250, '1', '2024-06-09', '2022-02-12 09:41:58', '2022-02-12 09:41:58'),
(892, 1250, '1', '2024-06-10', '2022-02-12 09:41:58', '2022-02-12 09:41:58'),
(893, 1250, '1', '2024-06-11', '2022-02-12 09:41:58', '2022-02-12 09:41:58'),
(894, 1250, '1', '2024-06-12', '2022-02-12 09:41:58', '2022-02-12 09:41:58'),
(895, 1250, '1', '2024-06-13', '2022-02-12 09:41:58', '2022-02-12 09:41:58'),
(896, 1250, '1', '2024-06-14', '2022-02-12 09:41:58', '2022-02-12 09:41:58'),
(897, 1250, '1', '2024-06-15', '2022-02-12 09:41:58', '2022-02-12 09:41:58'),
(898, 1250, '1', '2024-06-16', '2022-02-12 09:41:58', '2022-02-12 09:41:58'),
(899, 1250, '1', '2024-06-17', '2022-02-12 09:41:58', '2022-02-12 09:41:58'),
(900, 1250, '1', '2024-06-18', '2022-02-12 09:41:58', '2022-02-12 09:41:58'),
(901, 1250, '1', '2024-06-19', '2022-02-12 09:41:58', '2022-02-12 09:41:58'),
(902, 1250, '1', '2024-06-20', '2022-02-12 09:41:58', '2022-02-12 09:41:58'),
(903, 1250, '1', '2024-06-21', '2022-02-12 09:41:58', '2022-02-12 09:41:58'),
(904, 1250, '1', '2024-06-22', '2022-02-12 09:41:58', '2022-02-12 09:41:58'),
(905, 1250, '1', '2024-06-23', '2022-02-12 09:41:58', '2022-02-12 09:41:58'),
(906, 1250, '1', '2024-06-24', '2022-02-12 09:41:58', '2022-02-12 09:41:58'),
(907, 1250, '1', '2024-06-25', '2022-02-12 09:41:58', '2022-02-12 09:41:58'),
(908, 1250, '1', '2024-06-26', '2022-02-12 09:41:58', '2022-02-12 09:41:58'),
(909, 1250, '1', '2024-06-27', '2022-02-12 09:41:58', '2022-02-12 09:41:58'),
(910, 1250, '1', '2024-06-28', '2022-02-12 09:41:58', '2022-02-12 09:41:58'),
(911, 1250, '1', '2024-06-29', '2022-02-12 09:41:58', '2022-02-12 09:41:58'),
(912, 1250, '1', '2024-06-30', '2022-02-12 09:41:58', '2022-02-12 09:41:58'),
(913, 1250, '1', '2024-07-01', '2022-02-12 09:41:58', '2022-02-12 09:41:58'),
(914, 1250, '1', '2024-07-02', '2022-02-12 09:41:58', '2022-02-12 09:41:58'),
(915, 1250, '1', '2024-07-03', '2022-02-12 09:41:58', '2022-02-12 09:41:58'),
(916, 1250, '1', '2024-07-04', '2022-02-12 09:41:58', '2022-02-12 09:41:58'),
(917, 1250, '1', '2024-07-05', '2022-02-12 09:41:58', '2022-02-12 09:41:58'),
(918, 1250, '1', '2024-07-06', '2022-02-12 09:41:58', '2022-02-12 09:41:58'),
(919, 1250, '1', '2024-07-07', '2022-02-12 09:41:58', '2022-02-12 09:41:58'),
(920, 1250, '1', '2024-07-08', '2022-02-12 09:41:58', '2022-02-12 09:41:58'),
(921, 1250, '1', '2024-07-09', '2022-02-12 09:41:58', '2022-02-12 09:41:58'),
(922, 1250, '1', '2024-07-10', '2022-02-12 09:41:58', '2022-02-12 09:41:58'),
(923, 1250, '1', '2024-07-11', '2022-02-12 09:41:58', '2022-02-12 09:41:58'),
(924, 1250, '1', '2024-07-12', '2022-02-12 09:41:58', '2022-02-12 09:41:58'),
(925, 1250, '1', '2024-07-13', '2022-02-12 09:41:58', '2022-02-12 09:41:58'),
(926, 1250, '1', '2024-07-14', '2022-02-12 09:41:58', '2022-02-12 09:41:58'),
(927, 1250, '1', '2024-07-15', '2022-02-12 09:41:58', '2022-02-12 09:41:58'),
(928, 1250, '1', '2024-07-16', '2022-02-12 09:41:58', '2022-02-12 09:41:58'),
(929, 1250, '1', '2024-07-17', '2022-02-12 09:41:58', '2022-02-12 09:41:58'),
(930, 1250, '1', '2024-07-18', '2022-02-12 09:41:58', '2022-02-12 09:41:58'),
(931, 1250, '1', '2024-07-19', '2022-02-12 09:41:58', '2022-02-12 09:41:58'),
(932, 1250, '1', '2024-07-20', '2022-02-12 09:41:58', '2022-02-12 09:41:58'),
(933, 1250, '1', '2024-07-21', '2022-02-12 09:41:58', '2022-02-12 09:41:58'),
(934, 1250, '1', '2024-07-22', '2022-02-12 09:41:58', '2022-02-12 09:41:58'),
(935, 1250, '1', '2024-07-23', '2022-02-12 09:41:58', '2022-02-12 09:41:58'),
(936, 1250, '1', '2024-07-24', '2022-02-12 09:41:58', '2022-02-12 09:41:58'),
(937, 1250, '1', '2024-07-25', '2022-02-12 09:41:58', '2022-02-12 09:41:58'),
(938, 1250, '1', '2024-07-26', '2022-02-12 09:41:58', '2022-02-12 09:41:58'),
(939, 1250, '1', '2024-07-27', '2022-02-12 09:41:58', '2022-02-12 09:41:58'),
(940, 1250, '1', '2024-07-28', '2022-02-12 09:41:58', '2022-02-12 09:41:58'),
(941, 1250, '1', '2024-07-29', '2022-02-12 09:41:58', '2022-02-12 09:41:58'),
(942, 1250, '1', '2024-07-30', '2022-02-12 09:41:58', '2022-02-12 09:41:58'),
(943, 1250, '1', '2024-07-31', '2022-02-12 09:41:58', '2022-02-12 09:41:58'),
(944, 1250, '1', '2024-08-01', '2022-02-12 09:41:58', '2022-02-12 09:41:58'),
(945, 1250, '1', '2024-08-02', '2022-02-12 09:41:58', '2022-02-12 09:41:58'),
(946, 1250, '1', '2024-08-03', '2022-02-12 09:41:58', '2022-02-12 09:41:58'),
(947, 1250, '1', '2024-08-04', '2022-02-12 09:41:58', '2022-02-12 09:41:58'),
(948, 1250, '1', '2024-08-05', '2022-02-12 09:41:58', '2022-02-12 09:41:58'),
(949, 1250, '1', '2024-08-06', '2022-02-12 09:41:58', '2022-02-12 09:41:58'),
(950, 1250, '1', '2024-08-07', '2022-02-12 09:41:58', '2022-02-12 09:41:58'),
(951, 1250, '1', '2024-08-08', '2022-02-12 09:41:58', '2022-02-12 09:41:58'),
(952, 1250, '1', '2024-08-09', '2022-02-12 09:41:58', '2022-02-12 09:41:58'),
(953, 1250, '1', '2024-08-10', '2022-02-12 09:41:58', '2022-02-12 09:41:58'),
(954, 1250, '1', '2024-08-11', '2022-02-12 09:41:58', '2022-02-12 09:41:58'),
(955, 1250, '1', '2024-08-12', '2022-02-12 09:41:58', '2022-02-12 09:41:58'),
(956, 1250, '1', '2024-08-13', '2022-02-12 09:41:58', '2022-02-12 09:41:58'),
(957, 1250, '1', '2024-08-14', '2022-02-12 09:41:58', '2022-02-12 09:41:58'),
(958, 1250, '1', '2024-08-15', '2022-02-12 09:41:58', '2022-02-12 09:41:58'),
(959, 1250, '1', '2024-08-16', '2022-02-12 09:41:58', '2022-02-12 09:41:58'),
(960, 1250, '1', '2024-08-17', '2022-02-12 09:41:58', '2022-02-12 09:41:58'),
(961, 1250, '1', '2024-08-18', '2022-02-12 09:41:58', '2022-02-12 09:41:58'),
(962, 1250, '1', '2024-08-19', '2022-02-12 09:41:58', '2022-02-12 09:41:58'),
(963, 1250, '1', '2024-08-20', '2022-02-12 09:41:58', '2022-02-12 09:41:58'),
(964, 1250, '1', '2024-08-21', '2022-02-12 09:41:58', '2022-02-12 09:41:58'),
(965, 1250, '1', '2024-08-22', '2022-02-12 09:41:58', '2022-02-12 09:41:58'),
(966, 1250, '1', '2024-08-23', '2022-02-12 09:41:58', '2022-02-12 09:41:58'),
(967, 1250, '1', '2024-08-24', '2022-02-12 09:41:58', '2022-02-12 09:41:58'),
(968, 1250, '1', '2024-08-25', '2022-02-12 09:41:58', '2022-02-12 09:41:58'),
(969, 1250, '1', '2024-08-26', '2022-02-12 09:41:58', '2022-02-12 09:41:58'),
(970, 1250, '1', '2024-08-27', '2022-02-12 09:41:58', '2022-02-12 09:41:58'),
(971, 1250, '1', '2024-08-28', '2022-02-12 09:41:58', '2022-02-12 09:41:58'),
(972, 1250, '1', '2024-08-29', '2022-02-12 09:41:58', '2022-02-12 09:41:58'),
(973, 1250, '1', '2024-08-30', '2022-02-12 09:41:58', '2022-02-12 09:41:58'),
(974, 1250, '1', '2024-08-31', '2022-02-12 09:41:58', '2022-02-12 09:41:58'),
(975, 1250, '1', '2024-09-01', '2022-02-12 09:41:58', '2022-02-12 09:41:58'),
(976, 1250, '1', '2024-09-02', '2022-02-12 09:41:58', '2022-02-12 09:41:58'),
(977, 1250, '1', '2024-09-03', '2022-02-12 09:41:58', '2022-02-12 09:41:58'),
(978, 1250, '1', '2024-09-04', '2022-02-12 09:41:58', '2022-02-12 09:41:58'),
(979, 1250, '1', '2024-09-05', '2022-02-12 09:41:58', '2022-02-12 09:41:58'),
(980, 1250, '1', '2024-09-06', '2022-02-12 09:41:58', '2022-02-12 09:41:58'),
(981, 1250, '1', '2024-09-07', '2022-02-12 09:41:58', '2022-02-12 09:41:58'),
(982, 1250, '1', '2024-09-08', '2022-02-12 09:41:58', '2022-02-12 09:41:58'),
(983, 1250, '1', '2024-09-09', '2022-02-12 09:41:58', '2022-02-12 09:41:58'),
(984, 1250, '1', '2024-09-10', '2022-02-12 09:41:58', '2022-02-12 09:41:58'),
(985, 1250, '1', '2024-09-11', '2022-02-12 09:41:58', '2022-02-12 09:41:58'),
(986, 1250, '1', '2024-09-12', '2022-02-12 09:41:58', '2022-02-12 09:41:58'),
(987, 1250, '1', '2024-09-13', '2022-02-12 09:41:58', '2022-02-12 09:41:58'),
(988, 1250, '1', '2024-09-14', '2022-02-12 09:41:58', '2022-02-12 09:41:58'),
(989, 1250, '1', '2024-09-15', '2022-02-12 09:41:58', '2022-02-12 09:41:58'),
(990, 1250, '1', '2024-09-16', '2022-02-12 09:41:59', '2022-02-12 09:41:59'),
(991, 1250, '1', '2024-09-17', '2022-02-12 09:41:59', '2022-02-12 09:41:59'),
(992, 1250, '1', '2024-09-18', '2022-02-12 09:41:59', '2022-02-12 09:41:59'),
(993, 1250, '1', '2024-09-19', '2022-02-12 09:41:59', '2022-02-12 09:41:59'),
(994, 1250, '1', '2024-09-20', '2022-02-12 09:41:59', '2022-02-12 09:41:59'),
(995, 1250, '1', '2024-09-21', '2022-02-12 09:41:59', '2022-02-12 09:41:59'),
(996, 1250, '1', '2024-09-22', '2022-02-12 09:41:59', '2022-02-12 09:41:59'),
(997, 1250, '1', '2024-09-23', '2022-02-12 09:41:59', '2022-02-12 09:41:59'),
(998, 1250, '1', '2024-09-24', '2022-02-12 09:41:59', '2022-02-12 09:41:59'),
(999, 1250, '1', '2024-09-25', '2022-02-12 09:41:59', '2022-02-12 09:41:59'),
(1000, 1250, '1', '2024-09-26', '2022-02-12 09:41:59', '2022-02-12 09:41:59'),
(1001, 1250, '1', '2024-09-27', '2022-02-12 09:41:59', '2022-02-12 09:41:59'),
(1002, 1250, '1', '2024-09-28', '2022-02-12 09:41:59', '2022-02-12 09:41:59'),
(1003, 1250, '1', '2024-09-29', '2022-02-12 09:41:59', '2022-02-12 09:41:59'),
(1004, 1250, '1', '2024-09-30', '2022-02-12 09:41:59', '2022-02-12 09:41:59'),
(1005, 1250, '1', '2024-10-01', '2022-02-12 09:41:59', '2022-02-12 09:41:59'),
(1006, 1250, '1', '2024-10-02', '2022-02-12 09:41:59', '2022-02-12 09:41:59'),
(1007, 1250, '1', '2024-10-03', '2022-02-12 09:41:59', '2022-02-12 09:41:59'),
(1008, 1250, '1', '2024-10-04', '2022-02-12 09:41:59', '2022-02-12 09:41:59'),
(1009, 1250, '1', '2024-10-05', '2022-02-12 09:41:59', '2022-02-12 09:41:59'),
(1010, 1250, '1', '2024-10-06', '2022-02-12 09:41:59', '2022-02-12 09:41:59'),
(1011, 1250, '1', '2024-10-07', '2022-02-12 09:41:59', '2022-02-12 09:41:59'),
(1012, 1250, '1', '2024-10-08', '2022-02-12 09:41:59', '2022-02-12 09:41:59'),
(1013, 1250, '1', '2024-10-09', '2022-02-12 09:41:59', '2022-02-12 09:41:59'),
(1014, 1250, '1', '2024-10-10', '2022-02-12 09:41:59', '2022-02-12 09:41:59'),
(1015, 1250, '1', '2024-10-11', '2022-02-12 09:41:59', '2022-02-12 09:41:59'),
(1016, 1250, '1', '2024-10-12', '2022-02-12 09:41:59', '2022-02-12 09:41:59'),
(1017, 1250, '1', '2024-10-13', '2022-02-12 09:41:59', '2022-02-12 09:41:59'),
(1018, 1250, '1', '2024-10-14', '2022-02-12 09:41:59', '2022-02-12 09:41:59'),
(1019, 1250, '1', '2024-10-15', '2022-02-12 09:41:59', '2022-02-12 09:41:59'),
(1020, 1250, '1', '2024-10-16', '2022-02-12 09:41:59', '2022-02-12 09:41:59'),
(1021, 1250, '1', '2024-10-17', '2022-02-12 09:41:59', '2022-02-12 09:41:59'),
(1022, 1250, '1', '2024-10-18', '2022-02-12 09:41:59', '2022-02-12 09:41:59'),
(1023, 1250, '1', '2024-10-19', '2022-02-12 09:41:59', '2022-02-12 09:41:59'),
(1024, 1250, '1', '2024-10-20', '2022-02-12 09:41:59', '2022-02-12 09:41:59'),
(1025, 1250, '1', '2024-10-21', '2022-02-12 09:41:59', '2022-02-12 09:41:59'),
(1026, 1250, '1', '2024-10-22', '2022-02-12 09:41:59', '2022-02-12 09:41:59'),
(1027, 1250, '1', '2024-10-23', '2022-02-12 09:41:59', '2022-02-12 09:41:59'),
(1028, 1250, '1', '2024-10-24', '2022-02-12 09:41:59', '2022-02-12 09:41:59'),
(1029, 1250, '1', '2024-10-25', '2022-02-12 09:41:59', '2022-02-12 09:41:59'),
(1030, 1250, '1', '2024-10-26', '2022-02-12 09:41:59', '2022-02-12 09:41:59'),
(1031, 1250, '1', '2024-10-27', '2022-02-12 09:41:59', '2022-02-12 09:41:59'),
(1032, 1250, '1', '2024-10-28', '2022-02-12 09:41:59', '2022-02-12 09:41:59'),
(1033, 1250, '1', '2024-10-29', '2022-02-12 09:41:59', '2022-02-12 09:41:59'),
(1034, 1250, '1', '2024-10-30', '2022-02-12 09:41:59', '2022-02-12 09:41:59'),
(1035, 1250, '1', '2024-10-31', '2022-02-12 09:41:59', '2022-02-12 09:41:59'),
(1036, 1250, '1', '2024-11-01', '2022-02-12 09:41:59', '2022-02-12 09:41:59'),
(1037, 1250, '1', '2024-11-02', '2022-02-12 09:41:59', '2022-02-12 09:41:59'),
(1038, 1250, '1', '2024-11-03', '2022-02-12 09:41:59', '2022-02-12 09:41:59'),
(1039, 1250, '1', '2024-11-04', '2022-02-12 09:41:59', '2022-02-12 09:41:59'),
(1040, 1250, '1', '2024-11-05', '2022-02-12 09:41:59', '2022-02-12 09:41:59'),
(1041, 1250, '1', '2024-11-06', '2022-02-12 09:41:59', '2022-02-12 09:41:59'),
(1042, 1250, '1', '2024-11-07', '2022-02-12 09:41:59', '2022-02-12 09:41:59'),
(1043, 1250, '1', '2024-11-08', '2022-02-12 09:41:59', '2022-02-12 09:41:59'),
(1044, 1250, '1', '2024-11-09', '2022-02-12 09:41:59', '2022-02-12 09:41:59'),
(1045, 1250, '1', '2024-11-10', '2022-02-12 09:41:59', '2022-02-12 09:41:59'),
(1046, 1250, '1', '2024-11-11', '2022-02-12 09:41:59', '2022-02-12 09:41:59'),
(1047, 1250, '1', '2024-11-12', '2022-02-12 09:41:59', '2022-02-12 09:41:59'),
(1048, 1250, '1', '2024-11-13', '2022-02-12 09:41:59', '2022-02-12 09:41:59'),
(1049, 1250, '1', '2024-11-14', '2022-02-12 09:41:59', '2022-02-12 09:41:59'),
(1050, 1250, '1', '2024-11-15', '2022-02-12 09:41:59', '2022-02-12 09:41:59'),
(1051, 1250, '1', '2024-11-16', '2022-02-12 09:41:59', '2022-02-12 09:41:59'),
(1052, 1250, '1', '2024-11-17', '2022-02-12 09:41:59', '2022-02-12 09:41:59'),
(1053, 1250, '1', '2024-11-18', '2022-02-12 09:41:59', '2022-02-12 09:41:59'),
(1054, 1250, '1', '2024-11-19', '2022-02-12 09:41:59', '2022-02-12 09:41:59'),
(1055, 1250, '1', '2024-11-20', '2022-02-12 09:41:59', '2022-02-12 09:41:59'),
(1056, 1250, '1', '2024-11-21', '2022-02-12 09:41:59', '2022-02-12 09:41:59'),
(1057, 1250, '1', '2024-11-22', '2022-02-12 09:41:59', '2022-02-12 09:41:59'),
(1058, 1250, '1', '2024-11-23', '2022-02-12 09:41:59', '2022-02-12 09:41:59'),
(1059, 1250, '1', '2024-11-24', '2022-02-12 09:41:59', '2022-02-12 09:41:59'),
(1060, 1250, '1', '2024-11-25', '2022-02-12 09:41:59', '2022-02-12 09:41:59'),
(1061, 1250, '1', '2024-11-26', '2022-02-12 09:41:59', '2022-02-12 09:41:59'),
(1062, 1250, '1', '2024-11-27', '2022-02-12 09:41:59', '2022-02-12 09:41:59'),
(1063, 1250, '1', '2024-11-28', '2022-02-12 09:41:59', '2022-02-12 09:41:59'),
(1064, 1250, '1', '2024-11-29', '2022-02-12 09:41:59', '2022-02-12 09:41:59'),
(1065, 1250, '1', '2024-11-30', '2022-02-12 09:41:59', '2022-02-12 09:41:59'),
(1066, 1250, '1', '2024-12-01', '2022-02-12 09:41:59', '2022-02-12 09:41:59'),
(1067, 1250, '1', '2024-12-02', '2022-02-12 09:41:59', '2022-02-12 09:41:59'),
(1068, 1250, '1', '2024-12-03', '2022-02-12 09:41:59', '2022-02-12 09:41:59'),
(1069, 1250, '1', '2024-12-04', '2022-02-12 09:41:59', '2022-02-12 09:41:59'),
(1070, 1250, '1', '2024-12-05', '2022-02-12 09:41:59', '2022-02-12 09:41:59'),
(1071, 1250, '1', '2024-12-06', '2022-02-12 09:41:59', '2022-02-12 09:41:59'),
(1072, 1250, '1', '2024-12-07', '2022-02-12 09:41:59', '2022-02-12 09:41:59'),
(1073, 1250, '1', '2024-12-08', '2022-02-12 09:41:59', '2022-02-12 09:41:59'),
(1074, 1250, '1', '2024-12-09', '2022-02-12 09:41:59', '2022-02-12 09:41:59'),
(1075, 1250, '1', '2024-12-10', '2022-02-12 09:41:59', '2022-02-12 09:41:59'),
(1076, 1250, '1', '2024-12-11', '2022-02-12 09:41:59', '2022-02-12 09:41:59'),
(1077, 1250, '1', '2024-12-12', '2022-02-12 09:41:59', '2022-02-12 09:41:59'),
(1078, 1250, '1', '2024-12-13', '2022-02-12 09:41:59', '2022-02-12 09:41:59'),
(1079, 1250, '1', '2024-12-14', '2022-02-12 09:41:59', '2022-02-12 09:41:59'),
(1080, 1250, '1', '2024-12-15', '2022-02-12 09:41:59', '2022-02-12 09:41:59'),
(1081, 1250, '1', '2024-12-16', '2022-02-12 09:41:59', '2022-02-12 09:41:59'),
(1082, 1250, '1', '2024-12-17', '2022-02-12 09:41:59', '2022-02-12 09:41:59'),
(1083, 1250, '1', '2024-12-18', '2022-02-12 09:41:59', '2022-02-12 09:41:59'),
(1084, 1250, '1', '2024-12-19', '2022-02-12 09:41:59', '2022-02-12 09:41:59'),
(1085, 1250, '1', '2024-12-20', '2022-02-12 09:41:59', '2022-02-12 09:41:59'),
(1086, 1250, '1', '2024-12-21', '2022-02-12 09:41:59', '2022-02-12 09:41:59'),
(1087, 1250, '1', '2024-12-22', '2022-02-12 09:41:59', '2022-02-12 09:41:59'),
(1088, 1250, '1', '2024-12-23', '2022-02-12 09:41:59', '2022-02-12 09:41:59'),
(1089, 1250, '1', '2024-12-24', '2022-02-12 09:41:59', '2022-02-12 09:41:59'),
(1090, 1250, '1', '2024-12-25', '2022-02-12 09:41:59', '2022-02-12 09:41:59'),
(1091, 1250, '1', '2024-12-26', '2022-02-12 09:41:59', '2022-02-12 09:41:59'),
(1092, 1250, '1', '2024-12-27', '2022-02-12 09:41:59', '2022-02-12 09:41:59'),
(1093, 1250, '1', '2024-12-28', '2022-02-12 09:41:59', '2022-02-12 09:41:59'),
(1094, 1250, '1', '2024-12-29', '2022-02-12 09:41:59', '2022-02-12 09:41:59'),
(1095, 1250, '1', '2024-12-30', '2022-02-12 09:41:59', '2022-02-12 09:41:59'),
(1096, 1250, '1', '2024-12-31', '2022-02-12 09:41:59', '2022-02-12 09:41:59');

-- --------------------------------------------------------

--
-- Table structure for table `categories`
--

CREATE TABLE `categories` (
  `id` bigint(20) UNSIGNED NOT NULL,
  `title` varchar(500) COLLATE utf8mb4_unicode_ci DEFAULT NULL,
  `created_at` timestamp NULL DEFAULT NULL,
  `updated_at` timestamp NULL DEFAULT NULL
) ENGINE=InnoDB DEFAULT CHARSET=utf8mb4 COLLATE=utf8mb4_unicode_ci;

-- --------------------------------------------------------

--
-- Table structure for table `cities`
--

CREATE TABLE `cities` (
  `id` bigint(20) UNSIGNED NOT NULL,
  `title` varchar(255) COLLATE utf8mb4_unicode_ci DEFAULT NULL,
  `gov_id` bigint(20) UNSIGNED DEFAULT NULL,
  `created_at` timestamp NULL DEFAULT NULL,
  `updated_at` timestamp NULL DEFAULT NULL
) ENGINE=InnoDB DEFAULT CHARSET=utf8mb4 COLLATE=utf8mb4_unicode_ci;

--
-- Dumping data for table `cities`
--

INSERT INTO `cities` (`id`, `title`, `gov_id`, `created_at`, `updated_at`) VALUES
(1, '15 May', 1, NULL, NULL),
(2, 'Al Azbakeyah', 1, NULL, NULL),
(3, 'Al Basatin', 1, NULL, NULL),
(4, 'Tebin', 1, NULL, NULL),
(5, 'El-Khalifa', 1, NULL, NULL),
(6, 'El darrasa', 1, NULL, NULL),
(7, 'Aldarb Alahmar', 1, NULL, NULL),
(8, 'Zawya al-Hamra', 1, NULL, NULL),
(9, 'El-Zaytoun', 1, NULL, NULL),
(10, 'Sahel', 1, NULL, NULL),
(11, 'El Salam', 1, NULL, NULL),
(12, 'Sayeda Zeinab', 1, NULL, NULL),
(13, 'El Sharabeya', 1, NULL, NULL),
(14, 'Shorouk', 1, NULL, NULL),
(15, 'El Daher', 1, NULL, NULL),
(16, 'Ataba', 1, NULL, NULL),
(17, 'New Cairo', 1, NULL, NULL),
(18, 'El Marg', 1, NULL, NULL),
(19, 'Ezbet el Nakhl', 1, NULL, NULL),
(20, 'Matareya', 1, NULL, NULL),
(21, 'Maadi', 1, NULL, NULL),
(22, 'Maasara', 1, NULL, NULL),
(23, 'Mokattam', 1, NULL, NULL),
(24, 'Manyal', 1, NULL, NULL),
(25, 'Mosky', 1, NULL, NULL),
(26, 'Nozha', 1, NULL, NULL),
(27, 'Waily', 1, NULL, NULL),
(28, 'Bab al-Shereia', 1, NULL, NULL),
(29, 'Bolaq', 1, NULL, NULL),
(30, 'Garden City', 1, NULL, NULL),
(31, 'Hadayek El-Kobba', 1, NULL, NULL),
(32, 'Helwan', 1, NULL, NULL),
(33, 'Dar Al Salam', 1, NULL, NULL),
(34, 'Shubra', 1, NULL, NULL),
(35, 'Tura', 1, NULL, NULL),
(36, 'Abdeen', 1, NULL, NULL),
(37, 'Abaseya', 1, NULL, NULL),
(38, 'Ain Shams', 1, NULL, NULL),
(39, 'Nasr City', 1, NULL, NULL),
(40, 'New Heliopolis', 1, NULL, NULL),
(41, 'Masr Al Qadima', 1, NULL, NULL),
(42, 'Mansheya Nasir', 1, NULL, NULL),
(43, 'Badr City', 1, NULL, NULL),
(44, 'Obour City', 1, NULL, NULL),
(45, 'Cairo Downtown', 1, NULL, NULL),
(46, 'Zamalek', 1, NULL, NULL),
(47, 'Kasr El Nile', 1, NULL, NULL),
(48, 'Rehab', 1, NULL, NULL),
(49, 'Katameya', 1, NULL, NULL),
(50, 'Madinty', 1, NULL, NULL),
(51, 'Rod Alfarag', 1, NULL, NULL),
(52, 'Sheraton', 1, NULL, NULL),
(53, 'El-Gamaleya', 1, NULL, NULL),
(54, '10th of Ramadan City', 1, NULL, NULL),
(55, 'Helmeyat Alzaytoun', 1, NULL, NULL),
(56, 'New Nozha', 1, NULL, NULL),
(57, 'Capital New', 1, NULL, NULL),
(58, 'Giza', 2, NULL, NULL),
(59, 'Sixth of October', 2, NULL, NULL),
(60, 'Cheikh Zayed', 2, NULL, NULL),
(61, 'Hawamdiyah', 2, NULL, NULL),
(62, 'Al Badrasheen', 2, NULL, NULL),
(63, 'Saf', 2, NULL, NULL),
(64, 'Atfih', 2, NULL, NULL),
(65, 'Al Ayat', 2, NULL, NULL),
(66, 'Al-Bawaiti', 2, NULL, NULL),
(67, 'ManshiyetAl Qanater', 2, NULL, NULL),
(68, 'Oaseem', 2, NULL, NULL),
(69, 'Kerdasa', 2, NULL, NULL),
(70, 'Abu Nomros', 2, NULL, NULL),
(71, 'Kafr Ghati', 2, NULL, NULL),
(72, 'Manshiyet Al Bakari', 2, NULL, NULL),
(73, 'Dokki', 2, NULL, NULL),
(74, 'Agouza', 2, NULL, NULL),
(75, 'Haram', 2, NULL, NULL),
(76, 'Warraq', 2, NULL, NULL),
(77, 'Imbaba', 2, NULL, NULL),
(78, 'Boulaq Dakrour', 2, NULL, NULL),
(79, 'Al Wahat Al Baharia', 2, NULL, NULL),
(80, 'Omraneya', 2, NULL, NULL),
(81, 'Moneeb', 2, NULL, NULL),
(82, 'Bin Alsarayat', 2, NULL, NULL),
(83, 'Kit Kat', 2, NULL, NULL),
(84, 'Mohandessin', 2, NULL, NULL),
(85, 'Faisal', 2, NULL, NULL),
(86, 'Abu Rawash', 2, NULL, NULL),
(87, 'Hadayek Alahram', 2, NULL, NULL),
(88, 'Haraneya', 2, NULL, NULL),
(89, 'Hadayek October', 2, NULL, NULL),
(90, 'Saft Allaban', 2, NULL, NULL),
(91, 'Smart Village', 2, NULL, NULL),
(92, 'Ard Ellwaa', 2, NULL, NULL),
(93, 'Abu Qir', 3, NULL, NULL),
(94, 'Al Ibrahimeyah', 3, NULL, NULL),
(95, 'Azarita', 3, NULL, NULL),
(96, 'Anfoushi', 3, NULL, NULL),
(97, 'Dekheila', 3, NULL, NULL),
(98, 'El Soyof', 3, NULL, NULL),
(99, 'Ameria', 3, NULL, NULL),
(100, 'El Labban', 3, NULL, NULL),
(101, 'Al Mafrouza', 3, NULL, NULL),
(102, 'El Montaza', 3, NULL, NULL),
(103, 'Mansheya', 3, NULL, NULL),
(104, 'Naseria', 3, NULL, NULL),
(105, 'Ambrozo', 3, NULL, NULL),
(106, 'Bab Sharq', 3, NULL, NULL),
(107, 'Bourj Alarab', 3, NULL, NULL),
(108, 'Stanley', 3, NULL, NULL),
(109, 'Smouha', 3, NULL, NULL),
(110, 'Sidi Bishr', 3, NULL, NULL),
(111, 'Shads', 3, NULL, NULL),
(112, 'Gheet Alenab', 3, NULL, NULL),
(113, 'Fleming', 3, NULL, NULL),
(114, 'Victoria', 3, NULL, NULL),
(115, 'Camp Shizar', 3, NULL, NULL),
(116, 'Karmooz', 3, NULL, NULL),
(117, 'Mahta Alraml', 3, NULL, NULL),
(118, 'Mina El-Basal', 3, NULL, NULL),
(119, 'Asafra', 3, NULL, NULL),
(120, 'Agamy', 3, NULL, NULL),
(121, 'Bakos', 3, NULL, NULL),
(122, 'Boulkly', 3, NULL, NULL),
(123, 'Cleopatra', 3, NULL, NULL),
(124, 'Glim', 3, NULL, NULL),
(125, 'Al Mamurah', 3, NULL, NULL),
(126, 'Al Mandara', 3, NULL, NULL),
(127, 'Moharam Bek', 3, NULL, NULL),
(128, 'Elshatby', 3, NULL, NULL),
(129, 'Sidi Gaber', 3, NULL, NULL),
(130, 'North Coast/sahel', 3, NULL, NULL),
(131, 'Alhadra', 3, NULL, NULL),
(132, 'Alattarin', 3, NULL, NULL),
(133, 'Sidi Kerir', 3, NULL, NULL),
(134, 'Elgomrok', 3, NULL, NULL),
(135, 'Al Max', 3, NULL, NULL),
(136, 'Marina', 3, NULL, NULL),
(137, 'Mansoura', 4, NULL, NULL),
(138, 'Talkha', 4, NULL, NULL),
(139, 'Mitt Ghamr', 4, NULL, NULL),
(140, 'Dekernes', 4, NULL, NULL),
(141, 'Aga', 4, NULL, NULL),
(142, 'Menia El Nasr', 4, NULL, NULL),
(143, 'Sinbillawin', 4, NULL, NULL),
(144, 'El Kurdi', 4, NULL, NULL),
(145, 'Bani Ubaid', 4, NULL, NULL),
(146, 'Al Manzala', 4, NULL, NULL),
(147, 'tami al`amdid', 4, NULL, NULL),
(148, 'aljamalia', 4, NULL, NULL),
(149, 'Sherbin', 4, NULL, NULL),
(150, 'Mataria', 4, NULL, NULL),
(151, 'Belqas', 4, NULL, NULL),
(152, 'Meet Salsil', 4, NULL, NULL),
(153, 'Gamasa', 4, NULL, NULL),
(154, 'Mahalat Damana', 4, NULL, NULL),
(155, 'Nabroh', 4, NULL, NULL),
(156, 'Hurghada', 5, NULL, NULL),
(157, 'Ras Ghareb', 5, NULL, NULL),
(158, 'Safaga', 5, NULL, NULL),
(159, 'El Qusiar', 5, NULL, NULL),
(160, 'Marsa Alam', 5, NULL, NULL),
(161, 'Shalatin', 5, NULL, NULL),
(162, 'Halaib', 5, NULL, NULL),
(163, 'Aldahar', 5, NULL, NULL),
(164, 'Damanhour', 6, NULL, NULL),
(165, 'Kafr El Dawar', 6, NULL, NULL),
(166, 'Rashid', 6, NULL, NULL),
(167, 'Edco', 6, NULL, NULL),
(168, 'Abu al-Matamir', 6, NULL, NULL),
(169, 'Abu Homs', 6, NULL, NULL),
(170, 'Delengat', 6, NULL, NULL),
(171, 'Mahmoudiyah', 6, NULL, NULL),
(172, 'Rahmaniyah', 6, NULL, NULL),
(173, 'Itai Baroud', 6, NULL, NULL),
(174, 'Housh Eissa', 6, NULL, NULL),
(175, 'Shubrakhit', 6, NULL, NULL),
(176, 'Kom Hamada', 6, NULL, NULL),
(177, 'Badr', 6, NULL, NULL),
(178, 'Wadi Natrun', 6, NULL, NULL),
(179, 'New Nubaria', 6, NULL, NULL),
(180, 'Alnoubareya', 6, NULL, NULL),
(181, 'Fayoum', 7, NULL, NULL),
(182, 'Fayoum El Gedida', 7, NULL, NULL),
(183, 'Tamiya', 7, NULL, NULL),
(184, 'Snores', 7, NULL, NULL),
(185, 'Etsa', 7, NULL, NULL),
(186, 'Epschway', 7, NULL, NULL),
(187, 'Yusuf El Sediaq', 7, NULL, NULL),
(188, 'Hadqa', 7, NULL, NULL),
(189, 'Atsa', 7, NULL, NULL),
(190, 'Algamaa', 7, NULL, NULL),
(191, 'Sayala', 7, NULL, NULL),
(192, 'Tanta', 8, NULL, NULL),
(193, 'Al Mahalla Al Kobra', 8, NULL, NULL),
(194, 'Kafr El Zayat', 8, NULL, NULL),
(195, 'Zefta', 8, NULL, NULL),
(196, 'El Santa', 8, NULL, NULL),
(197, 'Qutour', 8, NULL, NULL),
(198, 'Basion', 8, NULL, NULL),
(199, 'Samannoud', 8, NULL, NULL),
(200, 'Ismailia', 9, NULL, NULL),
(201, 'Fayed', 9, NULL, NULL),
(202, 'Qantara Sharq', 9, NULL, NULL),
(203, 'Qantara Gharb', 9, NULL, NULL),
(204, 'El Tal El Kabier', 9, NULL, NULL),
(205, 'Abu Sawir', 9, NULL, NULL),
(206, 'Kasasien El Gedida', 9, NULL, NULL),
(207, 'Nefesha', 9, NULL, NULL),
(208, 'Sheikh Zayed', 9, NULL, NULL),
(209, 'Shbeen El Koom', 10, NULL, NULL),
(210, 'Sadat City', 10, NULL, NULL),
(211, 'Menouf', 10, NULL, NULL),
(212, 'Sars El-Layan', 10, NULL, NULL),
(213, 'Ashmon', 10, NULL, NULL),
(214, 'Al Bagor', 10, NULL, NULL),
(215, 'Quesna', 10, NULL, NULL),
(216, 'Berkat El Saba', 10, NULL, NULL),
(217, 'Tala', 10, NULL, NULL),
(218, 'Al Shohada', 10, NULL, NULL),
(219, 'Minya', 11, NULL, NULL),
(220, 'Minya El Gedida', 11, NULL, NULL),
(221, 'El Adwa', 11, NULL, NULL),
(222, 'Magagha', 11, NULL, NULL),
(223, 'Bani Mazar', 11, NULL, NULL),
(224, 'Mattay', 11, NULL, NULL),
(225, 'Samalut', 11, NULL, NULL),
(226, 'Madinat El Fekria', 11, NULL, NULL),
(227, 'Meloy', 11, NULL, NULL),
(228, 'Deir Mawas', 11, NULL, NULL),
(229, 'Abu Qurqas', 11, NULL, NULL),
(230, 'Ard Sultan', 11, NULL, NULL),
(231, 'Banha', 12, NULL, NULL),
(232, 'Qalyub', 12, NULL, NULL),
(233, 'Shubra Al Khaimah', 12, NULL, NULL),
(234, 'Al Qanater Charity', 12, NULL, NULL),
(235, 'Khanka', 12, NULL, NULL),
(236, 'Kafr Shukr', 12, NULL, NULL),
(237, 'Tukh', 12, NULL, NULL),
(238, 'Qaha', 12, NULL, NULL),
(239, 'Obour', 12, NULL, NULL),
(240, 'Khosous', 12, NULL, NULL),
(241, 'Shibin Al Qanater', 12, NULL, NULL),
(242, 'Mostorod', 12, NULL, NULL),
(243, 'El Kharga', 13, NULL, NULL),
(244, 'Paris', 13, NULL, NULL),
(245, 'Mout', 13, NULL, NULL),
(246, 'Farafra', 13, NULL, NULL),
(247, 'Balat', 13, NULL, NULL),
(248, 'Dakhla', 13, NULL, NULL),
(249, 'Suez', 14, NULL, NULL),
(250, 'Alganayen', 14, NULL, NULL),
(251, 'Ataqah', 14, NULL, NULL),
(252, 'Ain Sokhna', 14, NULL, NULL),
(253, 'Faysal', 14, NULL, NULL),
(254, 'Aswan', 15, NULL, NULL),
(255, 'Aswan El Gedida', 15, NULL, NULL),
(256, 'Drau', 15, NULL, NULL),
(257, 'Kom Ombo', 15, NULL, NULL),
(258, 'Nasr Al Nuba', 15, NULL, NULL),
(259, 'Kalabsha', 15, NULL, NULL),
(260, 'Edfu', 15, NULL, NULL),
(261, 'Al-Radisiyah', 15, NULL, NULL),
(262, 'Al Basilia', 15, NULL, NULL),
(263, 'Al Sibaeia', 15, NULL, NULL),
(264, 'Abo Simbl Al Siyahia', 15, NULL, NULL),
(265, 'Marsa Alam', 15, NULL, NULL),
(266, 'Assiut', 16, NULL, NULL),
(267, 'Assiut El Gedida', 16, NULL, NULL),
(268, 'Dayrout', 16, NULL, NULL),
(269, 'Manfalut', 16, NULL, NULL),
(270, 'Qusiya', 16, NULL, NULL),
(271, 'Abnoub', 16, NULL, NULL),
(272, 'Abu Tig', 16, NULL, NULL),
(273, 'El Ghanaim', 16, NULL, NULL),
(274, 'Sahel Selim', 16, NULL, NULL),
(275, 'El Badari', 16, NULL, NULL),
(276, 'Sidfa', 16, NULL, NULL),
(277, 'Bani Sweif', 17, NULL, NULL),
(278, 'Beni Suef El Gedida', 17, NULL, NULL),
(279, 'Al Wasta', 17, NULL, NULL),
(280, 'Naser', 17, NULL, NULL),
(281, 'Ehnasia', 17, NULL, NULL),
(282, 'beba', 17, NULL, NULL),
(283, 'Fashn', 17, NULL, NULL),
(284, 'Somasta', 17, NULL, NULL),
(285, 'Alabbaseri', 17, NULL, NULL),
(286, 'Mokbel', 17, NULL, NULL),
(287, 'PorSaid', 18, NULL, NULL),
(288, 'Port Fouad', 18, NULL, NULL),
(289, 'Alarab', 18, NULL, NULL),
(290, 'Zohour', 18, NULL, NULL),
(291, 'Alsharq', 18, NULL, NULL),
(292, 'Aldawahi', 18, NULL, NULL),
(293, 'Almanakh', 18, NULL, NULL),
(294, 'Mubarak', 18, NULL, NULL),
(295, 'Damietta', 19, NULL, NULL),
(296, 'New Damietta', 19, NULL, NULL),
(297, 'Ras El Bar', 19, NULL, NULL),
(298, 'Faraskour', 19, NULL, NULL),
(299, 'Zarqa', 19, NULL, NULL),
(300, 'alsaru', 19, NULL, NULL),
(301, 'alruwda', 19, NULL, NULL),
(302, 'Kafr El-Batikh', 19, NULL, NULL),
(303, 'Azbet Al Burg', 19, NULL, NULL),
(304, 'Meet Abou Ghalib', 19, NULL, NULL),
(305, 'Kafr Saad', 19, NULL, NULL),
(306, 'Zagazig', 20, NULL, NULL),
(307, 'Al Ashr Men Ramadan', 20, NULL, NULL),
(308, 'Minya Al Qamh', 20, NULL, NULL),
(309, 'Belbeis', 20, NULL, NULL),
(310, 'Mashtoul El Souq', 20, NULL, NULL),
(311, 'Qenaiat', 20, NULL, NULL),
(312, 'Abu Hammad', 20, NULL, NULL),
(313, 'El Qurain', 20, NULL, NULL),
(314, 'Hehia', 20, NULL, NULL),
(315, 'Abu Kabir', 20, NULL, NULL),
(316, 'Faccus', 20, NULL, NULL),
(317, 'El Salihia El Gedida', 20, NULL, NULL),
(318, 'Al Ibrahimiyah', 20, NULL, NULL),
(319, 'Deirb Negm', 20, NULL, NULL),
(320, 'Kafr Saqr', 20, NULL, NULL),
(321, 'Awlad Saqr', 20, NULL, NULL),
(322, 'Husseiniya', 20, NULL, NULL),
(323, 'san alhajar alqablia', 20, NULL, NULL),
(324, 'Manshayat Abu Omar', 20, NULL, NULL),
(325, 'Al Toor', 21, NULL, NULL),
(326, 'Sharm El-Shaikh', 21, NULL, NULL),
(327, 'Dahab', 21, NULL, NULL),
(328, 'Nuweiba', 21, NULL, NULL),
(329, 'Taba', 21, NULL, NULL),
(330, 'Saint Catherine', 21, NULL, NULL),
(331, 'Abu Redis', 21, NULL, NULL),
(332, 'Abu Zenaima', 21, NULL, NULL),
(333, 'Ras Sidr', 21, NULL, NULL),
(334, 'Kafr El Sheikh', 22, NULL, NULL),
(335, 'Kafr El Sheikh Downtown', 22, NULL, NULL),
(336, 'Desouq', 22, NULL, NULL),
(337, 'Fooh', 22, NULL, NULL),
(338, 'Metobas', 22, NULL, NULL),
(339, 'Burg Al Burullus', 22, NULL, NULL),
(340, 'Baltim', 22, NULL, NULL),
(341, 'Masief Baltim', 22, NULL, NULL),
(342, 'Hamol', 22, NULL, NULL),
(343, 'Bella', 22, NULL, NULL),
(344, 'Riyadh', 22, NULL, NULL),
(345, 'Sidi Salm', 22, NULL, NULL),
(346, 'Qellen', 22, NULL, NULL),
(347, 'Sidi Ghazi', 22, NULL, NULL),
(348, 'Marsa Matrouh', 23, NULL, NULL),
(349, 'El Hamam', 23, NULL, NULL),
(350, 'Alamein', 23, NULL, NULL),
(351, 'Dabaa', 23, NULL, NULL),
(352, 'Al-Nagila', 23, NULL, NULL),
(353, 'Sidi Brani', 23, NULL, NULL),
(354, 'Salloum', 23, NULL, NULL),
(355, 'Siwa', 23, NULL, NULL),
(356, 'Marina', 23, NULL, NULL),
(357, 'North Coast', 23, NULL, NULL),
(358, 'Luxor', 24, NULL, NULL),
(359, 'New Luxor', 24, NULL, NULL),
(360, 'Esna', 24, NULL, NULL),
(361, 'New Tiba', 24, NULL, NULL),
(362, 'Al ziynia', 24, NULL, NULL),
(363, 'Al Bayadieh', 24, NULL, NULL),
(364, 'Al Qarna', 24, NULL, NULL),
(365, 'Armant', 24, NULL, NULL),
(366, 'Al Tud', 24, NULL, NULL),
(367, 'Qena', 25, NULL, NULL),
(368, 'New Qena', 25, NULL, NULL),
(369, 'Abu Tesht', 25, NULL, NULL),
(370, 'Nag Hammadi', 25, NULL, NULL),
(371, 'Deshna', 25, NULL, NULL),
(372, 'Alwaqf', 25, NULL, NULL),
(373, 'Qaft', 25, NULL, NULL),
(374, 'Naqada', 25, NULL, NULL),
(375, 'Farshout', 25, NULL, NULL),
(376, 'Quos', 25, NULL, NULL),
(377, 'Arish', 26, NULL, NULL),
(378, 'Sheikh Zowaid', 26, NULL, NULL),
(379, 'Nakhl', 26, NULL, NULL),
(380, 'Rafah', 26, NULL, NULL),
(381, 'Bir al-Abed', 26, NULL, NULL),
(382, 'Al Hasana', 26, NULL, NULL),
(383, 'Sohag', 27, NULL, NULL),
(384, 'Sohag El Gedida', 27, NULL, NULL),
(385, 'Akhmeem', 27, NULL, NULL),
(386, 'Akhmim El Gedida', 27, NULL, NULL),
(387, 'Albalina', 27, NULL, NULL),
(388, 'El Maragha', 27, NULL, NULL),
(389, 'almunsha`a', 27, NULL, NULL),
(390, 'Dar AISalaam', 27, NULL, NULL),
(391, 'Gerga', 27, NULL, NULL),
(392, 'Jahina Al Gharbia', 27, NULL, NULL),
(393, 'Saqilatuh', 27, NULL, NULL),
(394, 'Tama', 27, NULL, NULL),
(395, 'Tahta', 27, NULL, NULL),
(396, 'Alkawthar', 27, NULL, NULL);

-- --------------------------------------------------------

--
-- Table structure for table `clients`
--

CREATE TABLE `clients` (
  `id` bigint(20) UNSIGNED NOT NULL,
  `name` varchar(255) COLLATE utf8mb4_unicode_ci DEFAULT NULL,
  `phone` varchar(255) COLLATE utf8mb4_unicode_ci DEFAULT NULL,
  `email` varchar(255) COLLATE utf8mb4_unicode_ci DEFAULT NULL,
  `gender` enum('male','female') COLLATE utf8mb4_unicode_ci DEFAULT NULL,
  `gov_id` bigint(20) UNSIGNED DEFAULT NULL,
  `city_id` bigint(20) UNSIGNED DEFAULT NULL,
  `ref_id` bigint(20) UNSIGNED DEFAULT NULL COMMENT '',
  `family_size` int(11) DEFAULT 0,
  `created_at` timestamp NULL DEFAULT NULL,
  `updated_at` timestamp NULL DEFAULT NULL
) ENGINE=InnoDB DEFAULT CHARSET=utf8mb4 COLLATE=utf8mb4_unicode_ci;

-- --------------------------------------------------------

--
-- Table structure for table `events`
--

CREATE TABLE `events` (
  `id` bigint(20) UNSIGNED NOT NULL,
  `title` varchar(500) COLLATE utf8mb4_unicode_ci DEFAULT NULL,
  `icon` varchar(500) COLLATE utf8mb4_unicode_ci DEFAULT NULL,
  `created_at` timestamp NULL DEFAULT NULL,
  `updated_at` timestamp NULL DEFAULT NULL
) ENGINE=InnoDB DEFAULT CHARSET=utf8mb4 COLLATE=utf8mb4_unicode_ci;

--
-- Dumping data for table `events`
--

INSERT INTO `events` (`id`, `title`, `icon`, `created_at`, `updated_at`) VALUES
(1, 'Birthday', 'fas fa-birthday-cake', NULL, NULL),
(2, 'Corporate', 'fas fa-city', NULL, NULL),
(3, 'Event', 'fas fa-fire-alt', NULL, NULL),
(4, 'School', 'fad fa-bus-school', NULL, NULL);

-- --------------------------------------------------------

--
-- Table structure for table `failed_jobs`
--

CREATE TABLE `failed_jobs` (
  `id` bigint(20) UNSIGNED NOT NULL,
  `connection` text COLLATE utf8mb4_unicode_ci NOT NULL,
  `queue` text COLLATE utf8mb4_unicode_ci NOT NULL,
  `payload` longtext COLLATE utf8mb4_unicode_ci NOT NULL,
  `exception` longtext COLLATE utf8mb4_unicode_ci NOT NULL,
  `failed_at` timestamp NOT NULL DEFAULT current_timestamp()
) ENGINE=InnoDB DEFAULT CHARSET=utf8mb4 COLLATE=utf8mb4_unicode_ci;

-- --------------------------------------------------------

--
-- Table structure for table `general_settings`
--

CREATE TABLE `general_settings` (
  `id` bigint(20) UNSIGNED NOT NULL,
  `capacity` bigint(20) DEFAULT 1250,
  `logo` varchar(500) COLLATE utf8mb4_unicode_ci DEFAULT NULL,
  `title` varchar(500) COLLATE utf8mb4_unicode_ci DEFAULT NULL,
  `created_at` timestamp NULL DEFAULT NULL,
  `updated_at` timestamp NULL DEFAULT NULL
) ENGINE=InnoDB DEFAULT CHARSET=utf8mb4 COLLATE=utf8mb4_unicode_ci;

--
-- Dumping data for table `general_settings`
--

INSERT INTO `general_settings` (`id`, `capacity`, `logo`, `title`, `created_at`, `updated_at`) VALUES
(1, 1250, NULL, NULL, NULL, NULL);

-- --------------------------------------------------------

--
-- Table structure for table `governorates`
--

CREATE TABLE `governorates` (
  `id` bigint(20) UNSIGNED NOT NULL,
  `title` varchar(255) COLLATE utf8mb4_unicode_ci DEFAULT NULL,
  `created_at` timestamp NULL DEFAULT NULL,
  `updated_at` timestamp NULL DEFAULT NULL
) ENGINE=InnoDB DEFAULT CHARSET=utf8mb4 COLLATE=utf8mb4_unicode_ci;

--
-- Dumping data for table `governorates`
--

INSERT INTO `governorates` (`id`, `title`, `created_at`, `updated_at`) VALUES
(1, 'Cairo', NULL, NULL),
(2, 'Giza', NULL, NULL),
(3, 'Alexandria', NULL, NULL),
(4, 'Dakahlia', NULL, NULL),
(5, 'Red Sea', NULL, NULL),
(6, 'Beheira', NULL, NULL),
(7, 'Fayoum', NULL, NULL),
(8, 'Gharbiya', NULL, NULL),
(9, 'Ismailia', NULL, NULL),
(10, 'Menofia', NULL, NULL),
(11, 'Minya', NULL, NULL),
(12, 'Qaliubiya', NULL, NULL),
(13, 'New Valley', NULL, NULL),
(14, 'Suez', NULL, NULL),
(15, 'Aswan', NULL, NULL),
(16, 'Assiut', NULL, NULL),
(17, 'Beni Suef', NULL, NULL),
(18, 'Port Said', NULL, NULL),
(19, 'Damietta', NULL, NULL),
(20, 'Sharkia', NULL, NULL),
(21, 'South Sinai', NULL, NULL),
(22, 'Kafr Al sheikh', NULL, NULL),
(23, 'Matrouh', NULL, NULL),
(24, 'Luxor', NULL, NULL),
(25, 'Qena', NULL, NULL),
(26, 'North Sinai', NULL, NULL),
(27, 'Sohag', NULL, NULL);

-- --------------------------------------------------------

--
-- Table structure for table `migrations`
--

CREATE TABLE `migrations` (
  `id` int(10) UNSIGNED NOT NULL,
  `migration` varchar(255) COLLATE utf8mb4_unicode_ci NOT NULL,
  `batch` int(11) NOT NULL
) ENGINE=InnoDB DEFAULT CHARSET=utf8mb4 COLLATE=utf8mb4_unicode_ci;

--
-- Dumping data for table `migrations`
--

INSERT INTO `migrations` (`id`, `migration`, `batch`) VALUES
(1, '2014_10_12_000000_create_users_table', 1),
(2, '2014_10_12_100000_create_password_resets_table', 1),
(3, '2019_08_19_000000_create_failed_jobs_table', 1),
(4, '2022_02_08_002355_create_events_table', 1),
(5, '2022_02_08_002355_create_governorates_table', 1),
(6, '2022_02_08_002438_create_cities_table', 1),
(7, '2022_02_08_003500_create_references_table', 1),
(8, '2022_02_08_092008_create_clients_table', 1),
(9, '2022_02_08_092027_create_shifts_table', 1),
(10, '2022_02_08_092047_create_visitor_types_table', 1),
(11, '2022_02_08_092048_create_shift_details_table', 1),
(12, '2022_02_08_092110_create_general_settings_table', 1),
(13, '2022_02_08_092146_create_capacity_days_table', 1),
(14, '2022_02_08_092501_create_categories_table', 1),
(15, '2022_02_08_092518_create_products_table', 1),
(16, '2022_02_08_092549_create_reservations_table', 1),
(17, '2022_02_08_092549_create_tickets_table', 1),
(18, '2022_02_08_092627_create_ticket_rev_models_table', 1),
(19, '2022_02_08_092703_create_ticket_rev_products_table', 1),
(20, '2022_02_08_092807_create_payments_table', 1),
(21, '2022_02_12_144804_create_reservations_birth_day_infos_table', 2);

-- --------------------------------------------------------

--
-- Table structure for table `password_resets`
--

CREATE TABLE `password_resets` (
  `email` varchar(255) COLLATE utf8mb4_unicode_ci NOT NULL,
  `token` varchar(255) COLLATE utf8mb4_unicode_ci NOT NULL,
  `created_at` timestamp NULL DEFAULT NULL
) ENGINE=InnoDB DEFAULT CHARSET=utf8mb4 COLLATE=utf8mb4_unicode_ci;

-- --------------------------------------------------------

--
-- Table structure for table `payments`
--

CREATE TABLE `payments` (
  `id` bigint(20) UNSIGNED NOT NULL,
  `rev_id` bigint(20) UNSIGNED DEFAULT NULL,
  `ticket_id` bigint(20) UNSIGNED DEFAULT NULL,
  `payment_status` varchar(50) COLLATE utf8mb4_unicode_ci DEFAULT NULL,
  `amount` double DEFAULT NULL,
  `created_at` timestamp NULL DEFAULT NULL,
  `updated_at` timestamp NULL DEFAULT NULL
) ENGINE=InnoDB DEFAULT CHARSET=utf8mb4 COLLATE=utf8mb4_unicode_ci;

-- --------------------------------------------------------

--
-- Table structure for table `products`
--

CREATE TABLE `products` (
  `id` bigint(20) UNSIGNED NOT NULL,
  `title` varchar(500) COLLATE utf8mb4_unicode_ci DEFAULT NULL,
  `category_id` bigint(20) UNSIGNED DEFAULT NULL,
  `status` enum('0','1') COLLATE utf8mb4_unicode_ci DEFAULT '1',
  `price` double DEFAULT 0,
  `created_at` timestamp NULL DEFAULT NULL,
  `updated_at` timestamp NULL DEFAULT NULL
) ENGINE=InnoDB DEFAULT CHARSET=utf8mb4 COLLATE=utf8mb4_unicode_ci;

-- --------------------------------------------------------

--
-- Table structure for table `references`
--

CREATE TABLE `references` (
  `id` bigint(20) UNSIGNED NOT NULL,
  `title` varchar(255) COLLATE utf8mb4_unicode_ci NOT NULL,
  `created_at` timestamp NULL DEFAULT NULL,
  `updated_at` timestamp NULL DEFAULT NULL
) ENGINE=InnoDB DEFAULT CHARSET=utf8mb4 COLLATE=utf8mb4_unicode_ci;

-- --------------------------------------------------------

--
-- Table structure for table `reservations`
--

CREATE TABLE `reservations` (
  `id` bigint(20) UNSIGNED NOT NULL,
  `day` date DEFAULT NULL,
  `client_name` varchar(500) COLLATE utf8mb4_unicode_ci DEFAULT NULL,
  `phone` varchar(500) COLLATE utf8mb4_unicode_ci DEFAULT NULL,
  `email` varchar(500) COLLATE utf8mb4_unicode_ci DEFAULT NULL,
  `gender` enum('male','female') COLLATE utf8mb4_unicode_ci DEFAULT NULL,
  `gov_id` bigint(20) UNSIGNED DEFAULT NULL,
  `city_id` bigint(20) UNSIGNED DEFAULT NULL,
  `event_id` bigint(20) UNSIGNED DEFAULT NULL,
  `shift_id` bigint(20) UNSIGNED DEFAULT NULL,
  `hours_count` double DEFAULT 0,
  `total_price` double DEFAULT 0,
  `total_top_up_hours` double DEFAULT 0,
  `total_top_up_price` double DEFAULT 0,
  `payment_status` enum('0','1') COLLATE utf8mb4_unicode_ci DEFAULT '0',
  `note` text COLLATE utf8mb4_unicode_ci DEFAULT NULL,
  `discount_type` enum('per','val') COLLATE utf8mb4_unicode_ci DEFAULT 'val',
  `discount_value` double DEFAULT 0,
  `grand_total` double DEFAULT 0,
  `paid_amount` double DEFAULT 0 COMMENT '',
  `rem_amount` double DEFAULT 0 COMMENT '',
  `status` enum('append','in','out') COLLATE utf8mb4_unicode_ci DEFAULT 'append',
  `created_at` timestamp NULL DEFAULT NULL,
  `updated_at` timestamp NULL DEFAULT NULL
) ENGINE=InnoDB DEFAULT CHARSET=utf8mb4 COLLATE=utf8mb4_unicode_ci;

--
-- Dumping data for table `reservations`
--

INSERT INTO `reservations` (`id`, `day`, `client_name`, `phone`, `email`, `gender`, `gov_id`, `city_id`, `event_id`, `shift_id`, `hours_count`, `total_price`, `total_top_up_hours`, `total_top_up_price`, `payment_status`, `note`, `discount_type`, `discount_value`, `grand_total`, `paid_amount`, `rem_amount`, `status`, `created_at`, `updated_at`) VALUES
(13, '2022-02-26', 'Jonah Holcomb', '1315143', 'cagidate@mailinator.com', 'female', 16, 269, 1, NULL, 0, 0, 0, 0, '0', NULL, 'val', 0, 0, 0, 0, 'append', '2022-02-12 13:45:34', '2022-02-12 13:45:34'),
(14, '2022-02-12', 'mohamed gamal', '01011827324', 'mohamedgamal@mohamed.com', 'female', 4, 153, 2, 2, 0, 0, 0, 0, '0', NULL, 'val', 0, 0, 0, 0, 'append', '2022-02-12 13:48:34', '2022-02-12 13:48:34'),
(15, '2022-02-13', 'Ramona Owen', '01020304050', 'bamby@bamby.com', 'male', 6, 177, 2, NULL, 0, 0, 0, 0, '0', NULL, 'val', 0, 0, 0, 0, 'append', '2022-02-13 06:58:56', '2022-02-13 06:58:56'),
(16, '2022-02-13', 'Kay Snow', '16081951503', 'dijatux@mailinator.com', 'male', 1, 13, 4, NULL, 0, 0, 0, 0, '0', NULL, 'val', 0, 0, 0, 0, 'append', '2022-02-13 07:32:23', '2022-02-13 07:32:23'),
(17, '2022-02-13', 'Ramona Owen', '01011827324', 'heshamtatawy@gmail.com', 'male', 19, 302, 4, NULL, 0, 0, 0, 0, '0', NULL, 'val', 0, 0, 0, 0, 'append', '2022-02-13 09:35:32', '2022-02-13 09:35:32');

-- --------------------------------------------------------

--
-- Table structure for table `reservations_birth_day_infos`
--

CREATE TABLE `reservations_birth_day_infos` (
  `id` bigint(20) UNSIGNED NOT NULL,
  `rev_id` bigint(20) UNSIGNED DEFAULT NULL,
  `name` varchar(500) COLLATE utf8mb4_unicode_ci DEFAULT NULL,
  `email` varchar(500) COLLATE utf8mb4_unicode_ci DEFAULT NULL,
  `phone` varchar(50) COLLATE utf8mb4_unicode_ci DEFAULT NULL,
  `gender` enum('male','female') COLLATE utf8mb4_unicode_ci DEFAULT NULL,
  `birthday` date DEFAULT NULL,
  `created_at` timestamp NULL DEFAULT NULL,
  `updated_at` timestamp NULL DEFAULT NULL
) ENGINE=InnoDB DEFAULT CHARSET=utf8mb4 COLLATE=utf8mb4_unicode_ci;

-- --------------------------------------------------------

--
-- Table structure for table `shifts`
--

CREATE TABLE `shifts` (
  `id` bigint(20) UNSIGNED NOT NULL,
  `from` time DEFAULT NULL,
  `to` time DEFAULT NULL,
  `status` enum('0','1') COLLATE utf8mb4_unicode_ci NOT NULL DEFAULT '1',
  `created_at` timestamp NULL DEFAULT NULL,
  `updated_at` timestamp NULL DEFAULT NULL
) ENGINE=InnoDB DEFAULT CHARSET=utf8mb4 COLLATE=utf8mb4_unicode_ci;

--
-- Dumping data for table `shifts`
--

INSERT INTO `shifts` (`id`, `from`, `to`, `status`, `created_at`, `updated_at`) VALUES
(1, '14:35:47', '16:35:47', '1', NULL, NULL),
(2, '14:38:47', '16:35:47', '1', NULL, NULL);

-- --------------------------------------------------------

--
-- Table structure for table `shift_details`
--

CREATE TABLE `shift_details` (
  `id` bigint(20) UNSIGNED NOT NULL,
  `shift_id` bigint(20) UNSIGNED DEFAULT NULL,
  `visitor_type_id` bigint(20) UNSIGNED DEFAULT NULL,
  `price` double DEFAULT 0,
  `created_at` timestamp NULL DEFAULT NULL,
  `updated_at` timestamp NULL DEFAULT NULL
) ENGINE=InnoDB DEFAULT CHARSET=utf8mb4 COLLATE=utf8mb4_unicode_ci;

-- --------------------------------------------------------

--
-- Table structure for table `tickets`
--

CREATE TABLE `tickets` (
  `id` bigint(20) UNSIGNED NOT NULL,
  `visit_date` date DEFAULT NULL,
  `shift_id` bigint(20) UNSIGNED DEFAULT NULL,
  `client_id` bigint(20) UNSIGNED DEFAULT NULL,
  `hours_count` double DEFAULT 0,
  `total_price` double DEFAULT 0,
  `total_top_up_hours` double DEFAULT 0,
  `total_top_up_price` double DEFAULT 0,
  `payment_status` enum('0','1') COLLATE utf8mb4_unicode_ci DEFAULT '0',
  `note` text COLLATE utf8mb4_unicode_ci DEFAULT NULL,
  `discount_type` enum('per','val') COLLATE utf8mb4_unicode_ci DEFAULT 'val',
  `discount_value` double DEFAULT 0,
  `grand_total` double DEFAULT 0,
  `paid_amount` double DEFAULT 0 COMMENT '',
  `rem_amount` double DEFAULT 0 COMMENT '',
  `status` enum('append','in','out') COLLATE utf8mb4_unicode_ci DEFAULT 'append',
  `created_at` timestamp NULL DEFAULT NULL,
  `updated_at` timestamp NULL DEFAULT NULL
) ENGINE=InnoDB DEFAULT CHARSET=utf8mb4 COLLATE=utf8mb4_unicode_ci;

-- --------------------------------------------------------

--
-- Table structure for table `ticket_rev_models`
--

CREATE TABLE `ticket_rev_models` (
  `id` bigint(20) UNSIGNED NOT NULL,
  `rev_id` bigint(20) UNSIGNED DEFAULT NULL,
  `ticket_id` bigint(20) UNSIGNED DEFAULT NULL,
  `visitor_type_id` bigint(20) UNSIGNED DEFAULT NULL,
  `day` date DEFAULT NULL,
  `price` double DEFAULT 0,
  `bracelet_number` varchar(50) COLLATE utf8mb4_unicode_ci DEFAULT NULL,
  `name` varchar(500) COLLATE utf8mb4_unicode_ci DEFAULT NULL,
  `birthday` date DEFAULT NULL,
  `gender` enum('male','female') COLLATE utf8mb4_unicode_ci DEFAULT NULL,
  `status` enum('append','in','out') COLLATE utf8mb4_unicode_ci DEFAULT 'append',
  `top_up_hours` double DEFAULT 0,
  `top_up_price` double DEFAULT 0,
  `start_at` time DEFAULT NULL,
  `end_at` time DEFAULT NULL,
  `temp_status` enum('in','out') COLLATE utf8mb4_unicode_ci DEFAULT 'in',
  `created_at` timestamp NULL DEFAULT NULL,
  `updated_at` timestamp NULL DEFAULT NULL
) ENGINE=InnoDB DEFAULT CHARSET=utf8mb4 COLLATE=utf8mb4_unicode_ci;

-- --------------------------------------------------------

--
-- Table structure for table `ticket_rev_products`
--

CREATE TABLE `ticket_rev_products` (
  `id` bigint(20) UNSIGNED NOT NULL,
  `rev_id` bigint(20) UNSIGNED DEFAULT NULL,
  `ticket_id` bigint(20) UNSIGNED DEFAULT NULL,
  `category_id` bigint(20) UNSIGNED DEFAULT NULL,
  `product_id` bigint(20) UNSIGNED DEFAULT NULL,
  `qty` double DEFAULT 0,
  `price` double DEFAULT 0,
  `total_price` double DEFAULT 0,
  `created_at` timestamp NULL DEFAULT NULL,
  `updated_at` timestamp NULL DEFAULT NULL
) ENGINE=InnoDB DEFAULT CHARSET=utf8mb4 COLLATE=utf8mb4_unicode_ci;

-- --------------------------------------------------------

--
-- Table structure for table `users`
--

CREATE TABLE `users` (
  `id` bigint(20) UNSIGNED NOT NULL,
  `name` varchar(255) COLLATE utf8mb4_unicode_ci DEFAULT NULL,
  `user_name` varchar(255) COLLATE utf8mb4_unicode_ci DEFAULT NULL,
  `password` varchar(255) COLLATE utf8mb4_unicode_ci DEFAULT NULL,
  `photo` varchar(255) COLLATE utf8mb4_unicode_ci DEFAULT NULL,
  `remember_token` varchar(100) COLLATE utf8mb4_unicode_ci DEFAULT NULL,
  `created_at` timestamp NULL DEFAULT NULL,
  `updated_at` timestamp NULL DEFAULT NULL
) ENGINE=InnoDB DEFAULT CHARSET=utf8mb4 COLLATE=utf8mb4_unicode_ci;

--
-- Dumping data for table `users`
--

INSERT INTO `users` (`id`, `name`, `user_name`, `password`, `photo`, `remember_token`, `created_at`, `updated_at`) VALUES
(2, NULL, 'dev', '$2y$10$CJhTuQgmDOpffeszQYNeheXnV9fL7E9ShQ/nsVp3LLlVMeeRshTYe', NULL, NULL, '2022-02-10 07:36:26', '2022-02-10 07:36:26');

-- --------------------------------------------------------

--
-- Table structure for table `visitor_types`
--

CREATE TABLE `visitor_types` (
  `id` bigint(20) UNSIGNED NOT NULL,
  `title` varchar(500) COLLATE utf8mb4_unicode_ci DEFAULT NULL,
  `photo` varchar(500) COLLATE utf8mb4_unicode_ci DEFAULT NULL,
  `created_at` timestamp NULL DEFAULT NULL,
  `updated_at` timestamp NULL DEFAULT NULL
) ENGINE=InnoDB DEFAULT CHARSET=utf8mb4 COLLATE=utf8mb4_unicode_ci;

--
-- Dumping data for table `visitor_types`
--

INSERT INTO `visitor_types` (`id`, `title`, `photo`, `created_at`, `updated_at`) VALUES
(1, 'toddler', 'assets/admin/img/toddler.svg', NULL, NULL),
(2, 'Kid', 'assets/admin/img/Kid.svg', NULL, NULL),
(3, 'adult', 'assets/admin/img/adult.svg', NULL, NULL);

--
-- Indexes for dumped tables
--

--
-- Indexes for table `capacity_days`
--
ALTER TABLE `capacity_days`
  ADD PRIMARY KEY (`id`);

--
-- Indexes for table `categories`
--
ALTER TABLE `categories`
  ADD PRIMARY KEY (`id`);

--
-- Indexes for table `cities`
--
ALTER TABLE `cities`
  ADD PRIMARY KEY (`id`),
  ADD KEY `cities_gov_id_foreign` (`gov_id`);

--
-- Indexes for table `clients`
--
ALTER TABLE `clients`
  ADD PRIMARY KEY (`id`),
  ADD KEY `clients_giv_id_foreign` (`gov_id`),
  ADD KEY `clients_city_id_foreign` (`city_id`),
  ADD KEY `clients_ref_id_foreign` (`ref_id`);

--
-- Indexes for table `events`
--
ALTER TABLE `events`
  ADD PRIMARY KEY (`id`);

--
-- Indexes for table `failed_jobs`
--
ALTER TABLE `failed_jobs`
  ADD PRIMARY KEY (`id`);

--
-- Indexes for table `general_settings`
--
ALTER TABLE `general_settings`
  ADD PRIMARY KEY (`id`);

--
-- Indexes for table `governorates`
--
ALTER TABLE `governorates`
  ADD PRIMARY KEY (`id`);

--
-- Indexes for table `migrations`
--
ALTER TABLE `migrations`
  ADD PRIMARY KEY (`id`);

--
-- Indexes for table `password_resets`
--
ALTER TABLE `password_resets`
  ADD KEY `password_resets_email_index` (`email`);

--
-- Indexes for table `payments`
--
ALTER TABLE `payments`
  ADD PRIMARY KEY (`id`),
  ADD KEY `payments_rev_id_foreign` (`rev_id`),
  ADD KEY `payments_ticket_id_foreign` (`ticket_id`);

--
-- Indexes for table `products`
--
ALTER TABLE `products`
  ADD PRIMARY KEY (`id`),
  ADD KEY `products_category_id_foreign` (`category_id`);

--
-- Indexes for table `references`
--
ALTER TABLE `references`
  ADD PRIMARY KEY (`id`);

--
-- Indexes for table `reservations`
--
ALTER TABLE `reservations`
  ADD PRIMARY KEY (`id`),
  ADD KEY `reservations_giv_id_foreign` (`gov_id`),
  ADD KEY `reservations_city_id_foreign` (`city_id`),
  ADD KEY `reservations_event_id_foreign` (`event_id`),
  ADD KEY `reservations_shift_id_foreign` (`shift_id`);

--
-- Indexes for table `reservations_birth_day_infos`
--
ALTER TABLE `reservations_birth_day_infos`
  ADD PRIMARY KEY (`id`),
  ADD KEY `reservations_birth_day_infos_rev_id_foreign` (`rev_id`);

--
-- Indexes for table `shifts`
--
ALTER TABLE `shifts`
  ADD PRIMARY KEY (`id`);

--
-- Indexes for table `shift_details`
--
ALTER TABLE `shift_details`
  ADD PRIMARY KEY (`id`),
  ADD KEY `shift_details_shift_id_foreign` (`shift_id`),
  ADD KEY `shift_details_visitor_type_id_foreign` (`visitor_type_id`);

--
-- Indexes for table `tickets`
--
ALTER TABLE `tickets`
  ADD PRIMARY KEY (`id`),
  ADD KEY `tickets_shift_id_foreign` (`shift_id`),
  ADD KEY `tickets_client_id_foreign` (`client_id`);

--
-- Indexes for table `ticket_rev_models`
--
ALTER TABLE `ticket_rev_models`
  ADD PRIMARY KEY (`id`),
  ADD KEY `ticket_rev_models_rev_id_foreign` (`rev_id`),
  ADD KEY `ticket_rev_models_ticket_id_foreign` (`ticket_id`),
  ADD KEY `ticket_rev_models_visitor_type_id_foreign` (`visitor_type_id`);

--
-- Indexes for table `ticket_rev_products`
--
ALTER TABLE `ticket_rev_products`
  ADD PRIMARY KEY (`id`),
  ADD KEY `ticket_rev_products_rev_id_foreign` (`rev_id`),
  ADD KEY `ticket_rev_products_ticket_id_foreign` (`ticket_id`),
  ADD KEY `ticket_rev_products_category_id_foreign` (`category_id`),
  ADD KEY `ticket_rev_products_product_id_foreign` (`product_id`);

--
-- Indexes for table `users`
--
ALTER TABLE `users`
  ADD PRIMARY KEY (`id`),
  ADD UNIQUE KEY `users_user_name_unique` (`user_name`);

--
-- Indexes for table `visitor_types`
--
ALTER TABLE `visitor_types`
  ADD PRIMARY KEY (`id`);

--
-- AUTO_INCREMENT for dumped tables
--

--
-- AUTO_INCREMENT for table `capacity_days`
--
ALTER TABLE `capacity_days`
  MODIFY `id` bigint(20) UNSIGNED NOT NULL AUTO_INCREMENT, AUTO_INCREMENT=1097;

--
-- AUTO_INCREMENT for table `categories`
--
ALTER TABLE `categories`
  MODIFY `id` bigint(20) UNSIGNED NOT NULL AUTO_INCREMENT;

--
-- AUTO_INCREMENT for table `cities`
--
ALTER TABLE `cities`
  MODIFY `id` bigint(20) UNSIGNED NOT NULL AUTO_INCREMENT, AUTO_INCREMENT=397;

--
-- AUTO_INCREMENT for table `clients`
--
ALTER TABLE `clients`
  MODIFY `id` bigint(20) UNSIGNED NOT NULL AUTO_INCREMENT;

--
-- AUTO_INCREMENT for table `events`
--
ALTER TABLE `events`
  MODIFY `id` bigint(20) UNSIGNED NOT NULL AUTO_INCREMENT, AUTO_INCREMENT=5;

--
-- AUTO_INCREMENT for table `failed_jobs`
--
ALTER TABLE `failed_jobs`
  MODIFY `id` bigint(20) UNSIGNED NOT NULL AUTO_INCREMENT;

--
-- AUTO_INCREMENT for table `general_settings`
--
ALTER TABLE `general_settings`
  MODIFY `id` bigint(20) UNSIGNED NOT NULL AUTO_INCREMENT, AUTO_INCREMENT=2;

--
-- AUTO_INCREMENT for table `governorates`
--
ALTER TABLE `governorates`
  MODIFY `id` bigint(20) UNSIGNED NOT NULL AUTO_INCREMENT, AUTO_INCREMENT=28;

--
-- AUTO_INCREMENT for table `migrations`
--
ALTER TABLE `migrations`
  MODIFY `id` int(10) UNSIGNED NOT NULL AUTO_INCREMENT, AUTO_INCREMENT=22;

--
-- AUTO_INCREMENT for table `payments`
--
ALTER TABLE `payments`
  MODIFY `id` bigint(20) UNSIGNED NOT NULL AUTO_INCREMENT;

--
-- AUTO_INCREMENT for table `products`
--
ALTER TABLE `products`
  MODIFY `id` bigint(20) UNSIGNED NOT NULL AUTO_INCREMENT;

--
-- AUTO_INCREMENT for table `references`
--
ALTER TABLE `references`
  MODIFY `id` bigint(20) UNSIGNED NOT NULL AUTO_INCREMENT;

--
-- AUTO_INCREMENT for table `reservations`
--
ALTER TABLE `reservations`
  MODIFY `id` bigint(20) UNSIGNED NOT NULL AUTO_INCREMENT, AUTO_INCREMENT=18;

--
-- AUTO_INCREMENT for table `reservations_birth_day_infos`
--
ALTER TABLE `reservations_birth_day_infos`
  MODIFY `id` bigint(20) UNSIGNED NOT NULL AUTO_INCREMENT, AUTO_INCREMENT=2;

--
-- AUTO_INCREMENT for table `shifts`
--
ALTER TABLE `shifts`
  MODIFY `id` bigint(20) UNSIGNED NOT NULL AUTO_INCREMENT, AUTO_INCREMENT=3;

--
-- AUTO_INCREMENT for table `shift_details`
--
ALTER TABLE `shift_details`
  MODIFY `id` bigint(20) UNSIGNED NOT NULL AUTO_INCREMENT;

--
-- AUTO_INCREMENT for table `tickets`
--
ALTER TABLE `tickets`
  MODIFY `id` bigint(20) UNSIGNED NOT NULL AUTO_INCREMENT;

--
-- AUTO_INCREMENT for table `ticket_rev_models`
--
ALTER TABLE `ticket_rev_models`
  MODIFY `id` bigint(20) UNSIGNED NOT NULL AUTO_INCREMENT;

--
-- AUTO_INCREMENT for table `ticket_rev_products`
--
ALTER TABLE `ticket_rev_products`
  MODIFY `id` bigint(20) UNSIGNED NOT NULL AUTO_INCREMENT;

--
-- AUTO_INCREMENT for table `users`
--
ALTER TABLE `users`
  MODIFY `id` bigint(20) UNSIGNED NOT NULL AUTO_INCREMENT, AUTO_INCREMENT=3;

--
-- AUTO_INCREMENT for table `visitor_types`
--
ALTER TABLE `visitor_types`
  MODIFY `id` bigint(20) UNSIGNED NOT NULL AUTO_INCREMENT, AUTO_INCREMENT=4;

--
-- Constraints for dumped tables
--

--
-- Constraints for table `cities`
--
ALTER TABLE `cities`
  ADD CONSTRAINT `cities_gov_id_foreign` FOREIGN KEY (`gov_id`) REFERENCES `governorates` (`id`) ON DELETE CASCADE;

--
-- Constraints for table `clients`
--
ALTER TABLE `clients`
  ADD CONSTRAINT `clients_city_id_foreign` FOREIGN KEY (`city_id`) REFERENCES `cities` (`id`) ON DELETE CASCADE,
  ADD CONSTRAINT `clients_giv_id_foreign` FOREIGN KEY (`gov_id`) REFERENCES `governorates` (`id`) ON DELETE CASCADE,
  ADD CONSTRAINT `clients_ref_id_foreign` FOREIGN KEY (`ref_id`) REFERENCES `references` (`id`) ON DELETE CASCADE;

--
-- Constraints for table `payments`
--
ALTER TABLE `payments`
  ADD CONSTRAINT `payments_rev_id_foreign` FOREIGN KEY (`rev_id`) REFERENCES `reservations` (`id`) ON DELETE CASCADE,
  ADD CONSTRAINT `payments_ticket_id_foreign` FOREIGN KEY (`ticket_id`) REFERENCES `tickets` (`id`) ON DELETE CASCADE;

--
-- Constraints for table `products`
--
ALTER TABLE `products`
  ADD CONSTRAINT `products_category_id_foreign` FOREIGN KEY (`category_id`) REFERENCES `categories` (`id`) ON DELETE CASCADE;

--
-- Constraints for table `reservations`
--
ALTER TABLE `reservations`
  ADD CONSTRAINT `reservations_city_id_foreign` FOREIGN KEY (`city_id`) REFERENCES `cities` (`id`) ON DELETE CASCADE,
  ADD CONSTRAINT `reservations_event_id_foreign` FOREIGN KEY (`event_id`) REFERENCES `events` (`id`) ON DELETE CASCADE,
  ADD CONSTRAINT `reservations_giv_id_foreign` FOREIGN KEY (`gov_id`) REFERENCES `governorates` (`id`) ON DELETE CASCADE,
  ADD CONSTRAINT `reservations_shift_id_foreign` FOREIGN KEY (`shift_id`) REFERENCES `shifts` (`id`) ON DELETE CASCADE;

--
-- Constraints for table `reservations_birth_day_infos`
--
ALTER TABLE `reservations_birth_day_infos`
  ADD CONSTRAINT `reservations_birth_day_infos_rev_id_foreign` FOREIGN KEY (`rev_id`) REFERENCES `reservations` (`id`) ON DELETE CASCADE;

--
-- Constraints for table `shift_details`
--
ALTER TABLE `shift_details`
  ADD CONSTRAINT `shift_details_shift_id_foreign` FOREIGN KEY (`shift_id`) REFERENCES `shifts` (`id`) ON DELETE CASCADE,
  ADD CONSTRAINT `shift_details_visitor_type_id_foreign` FOREIGN KEY (`visitor_type_id`) REFERENCES `visitor_types` (`id`) ON DELETE CASCADE;

--
-- Constraints for table `tickets`
--
ALTER TABLE `tickets`
  ADD CONSTRAINT `tickets_client_id_foreign` FOREIGN KEY (`client_id`) REFERENCES `clients` (`id`) ON DELETE CASCADE,
  ADD CONSTRAINT `tickets_shift_id_foreign` FOREIGN KEY (`shift_id`) REFERENCES `shifts` (`id`) ON DELETE CASCADE;

--
-- Constraints for table `ticket_rev_models`
--
ALTER TABLE `ticket_rev_models`
  ADD CONSTRAINT `ticket_rev_models_rev_id_foreign` FOREIGN KEY (`rev_id`) REFERENCES `reservations` (`id`) ON DELETE CASCADE,
  ADD CONSTRAINT `ticket_rev_models_ticket_id_foreign` FOREIGN KEY (`ticket_id`) REFERENCES `tickets` (`id`) ON DELETE CASCADE,
  ADD CONSTRAINT `ticket_rev_models_visitor_type_id_foreign` FOREIGN KEY (`visitor_type_id`) REFERENCES `visitor_types` (`id`) ON DELETE CASCADE;

--
-- Constraints for table `ticket_rev_products`
--
ALTER TABLE `ticket_rev_products`
  ADD CONSTRAINT `ticket_rev_products_category_id_foreign` FOREIGN KEY (`category_id`) REFERENCES `categories` (`id`) ON DELETE CASCADE,
  ADD CONSTRAINT `ticket_rev_products_product_id_foreign` FOREIGN KEY (`product_id`) REFERENCES `products` (`id`) ON DELETE CASCADE,
  ADD CONSTRAINT `ticket_rev_products_rev_id_foreign` FOREIGN KEY (`rev_id`) REFERENCES `reservations` (`id`) ON DELETE CASCADE,
  ADD CONSTRAINT `ticket_rev_products_ticket_id_foreign` FOREIGN KEY (`ticket_id`) REFERENCES `tickets` (`id`) ON DELETE CASCADE;
COMMIT;

/*!40101 SET CHARACTER_SET_CLIENT=@OLD_CHARACTER_SET_CLIENT */;
/*!40101 SET CHARACTER_SET_RESULTS=@OLD_CHARACTER_SET_RESULTS */;
/*!40101 SET COLLATION_CONNECTION=@OLD_COLLATION_CONNECTION */;
